series_id,nodule_id,patient_id,label,avg_score,num_slices
0,0,LIDC-IDRI-0001,2,5.0,8
2,0,LIDC-IDRI-0003,2,4.33,7
2,1,LIDC-IDRI-0003,1,3.0,4
2,2,LIDC-IDRI-0003,2,4.0,5
3,0,LIDC-IDRI-0004,0,1.5,4
4,0,LIDC-IDRI-0005,1,2.75,2
4,1,LIDC-IDRI-0005,1,2.5,3
5,0,LIDC-IDRI-0006,1,3.5,2
5,1,LIDC-IDRI-0006,1,3.0,1
5,2,LIDC-IDRI-0006,1,2.5,3
7,0,LIDC-IDRI-0008,1,2.67,2
7,1,LIDC-IDRI-0008,1,3.0,2
9,0,LIDC-IDRI-0010,1,3.67,4
10,0,LIDC-IDRI-0011,1,3.33,4
10,1,LIDC-IDRI-0011,0,1.4,2
10,2,LIDC-IDRI-0011,0,1.0,3
10,3,LIDC-IDRI-0011,0,1.0,3
11,0,LIDC-IDRI-0012,1,2.5,3
11,1,LIDC-IDRI-0012,1,3.5,4
11,2,LIDC-IDRI-0012,1,3.0,3
11,3,LIDC-IDRI-0012,1,3.33,3
11,4,LIDC-IDRI-0012,0,2.0,4
11,5,LIDC-IDRI-0012,1,3.0,3
11,6,LIDC-IDRI-0012,1,2.67,3
11,7,LIDC-IDRI-0012,1,2.5,3
11,8,LIDC-IDRI-0012,1,3.0,3
11,9,LIDC-IDRI-0012,1,3.5,5
11,10,LIDC-IDRI-0012,1,2.5,3
12,0,LIDC-IDRI-0013,1,3.0,4
12,1,LIDC-IDRI-0013,2,5.0,9
13,0,LIDC-IDRI-0014,2,4.0,5
15,0,LIDC-IDRI-0016,2,4.5,5
15,1,LIDC-IDRI-0016,1,3.75,4
15,2,LIDC-IDRI-0016,1,2.67,3
15,3,LIDC-IDRI-0016,1,2.67,2
15,4,LIDC-IDRI-0016,2,4.5,6
16,0,LIDC-IDRI-0017,1,2.67,5
17,0,LIDC-IDRI-0018,1,2.5,2
17,1,LIDC-IDRI-0018,1,3.67,4
17,2,LIDC-IDRI-0018,1,2.67,2
17,3,LIDC-IDRI-0018,2,5.0,6
19,0,LIDC-IDRI-0020,1,3.0,6
19,1,LIDC-IDRI-0020,1,2.5,7
20,0,LIDC-IDRI-0021,0,2.0,5
23,0,LIDC-IDRI-0024,1,2.67,2
23,1,LIDC-IDRI-0024,1,3.0,5
23,2,LIDC-IDRI-0024,1,2.5,3
23,3,LIDC-IDRI-0024,0,1.5,2
25,0,LIDC-IDRI-0026,0,1.5,2
26,0,LIDC-IDRI-0027,1,2.5,3
26,1,LIDC-IDRI-0027,1,2.5,3
26,2,LIDC-IDRI-0027,1,3.0,2
26,3,LIDC-IDRI-0027,1,2.67,4
26,4,LIDC-IDRI-0027,1,3.0,2
26,5,LIDC-IDRI-0027,1,2.5,5
29,0,LIDC-IDRI-0030,1,2.5,3
30,0,LIDC-IDRI-0031,2,4.0,3
30,1,LIDC-IDRI-0031,2,4.5,8
30,2,LIDC-IDRI-0031,1,2.67,3
32,0,LIDC-IDRI-0033,1,3.0,3
33,0,LIDC-IDRI-0034,0,2.0,4
35,0,LIDC-IDRI-0036,1,3.5,6
36,0,LIDC-IDRI-0037,2,4.0,6
38,0,LIDC-IDRI-0039,0,1.5,5
38,1,LIDC-IDRI-0039,0,1.0,3
38,2,LIDC-IDRI-0039,1,3.0,6
38,3,LIDC-IDRI-0039,0,1.0,3
38,4,LIDC-IDRI-0039,0,2.0,3
39,0,LIDC-IDRI-0040,1,3.0,2
40,0,LIDC-IDRI-0041,2,4.5,6
40,1,LIDC-IDRI-0041,0,1.0,3
41,0,LIDC-IDRI-0042,1,3.2,2
41,1,LIDC-IDRI-0042,1,2.67,3
41,2,LIDC-IDRI-0042,1,2.5,2
41,3,LIDC-IDRI-0042,1,3.0,3
41,4,LIDC-IDRI-0042,1,2.5,1
41,5,LIDC-IDRI-0042,1,3.0,2
42,0,LIDC-IDRI-0043,1,3.0,3
42,1,LIDC-IDRI-0043,2,5.0,6
42,2,LIDC-IDRI-0043,2,4.0,7
43,0,LIDC-IDRI-0044,2,4.0,11
43,1,LIDC-IDRI-0044,0,1.67,5
43,2,LIDC-IDRI-0044,1,2.67,5
44,0,LIDC-IDRI-0045,1,3.5,3
44,1,LIDC-IDRI-0045,2,4.0,3
44,2,LIDC-IDRI-0045,1,3.25,3
44,3,LIDC-IDRI-0045,0,1.5,3
44,4,LIDC-IDRI-0045,2,4.33,7
44,5,LIDC-IDRI-0045,0,2.0,5
44,6,LIDC-IDRI-0045,1,3.5,4
44,7,LIDC-IDRI-0045,1,3.5,3
44,8,LIDC-IDRI-0045,1,3.5,5
44,9,LIDC-IDRI-0045,1,3.0,3
45,0,LIDC-IDRI-0046,1,2.5,3
45,1,LIDC-IDRI-0046,1,2.67,2
45,2,LIDC-IDRI-0046,1,2.33,2
45,3,LIDC-IDRI-0046,1,2.67,3
45,4,LIDC-IDRI-0046,1,2.5,3
46,0,LIDC-IDRI-0047,2,4.5,4
47,0,LIDC-IDRI-0048,1,2.5,3
48,0,LIDC-IDRI-0049,0,2.0,2
48,1,LIDC-IDRI-0049,1,2.75,2
48,2,LIDC-IDRI-0049,1,3.5,2
48,3,LIDC-IDRI-0049,1,2.25,2
48,4,LIDC-IDRI-0049,0,2.0,2
48,5,LIDC-IDRI-0049,1,2.5,2
48,6,LIDC-IDRI-0049,0,1.67,2
48,7,LIDC-IDRI-0049,0,2.0,3
48,8,LIDC-IDRI-0049,1,2.33,4
48,9,LIDC-IDRI-0049,1,3.5,3
49,0,LIDC-IDRI-0050,2,4.0,9
50,0,LIDC-IDRI-0051,2,4.33,5
50,1,LIDC-IDRI-0051,1,3.0,6
51,0,LIDC-IDRI-0052,1,2.5,8
52,0,LIDC-IDRI-0053,2,4.0,9
52,1,LIDC-IDRI-0053,1,3.5,3
52,2,LIDC-IDRI-0053,1,3.0,4
53,0,LIDC-IDRI-0054,2,4.5,6
53,1,LIDC-IDRI-0054,1,3.5,7
54,0,LIDC-IDRI-0055,1,2.5,2
54,1,LIDC-IDRI-0055,1,3.5,3
54,2,LIDC-IDRI-0055,2,4.0,4
55,0,LIDC-IDRI-0056,1,3.33,8
55,1,LIDC-IDRI-0056,1,2.33,3
55,2,LIDC-IDRI-0056,1,2.5,2
56,0,LIDC-IDRI-0057,2,5.0,22
57,0,LIDC-IDRI-0058,1,3.67,8
58,0,LIDC-IDRI-0059,2,4.25,4
59,0,LIDC-IDRI-0060,2,4.0,5
60,0,LIDC-IDRI-0061,2,4.5,5
60,1,LIDC-IDRI-0061,1,2.75,4
60,2,LIDC-IDRI-0061,1,2.5,3
60,3,LIDC-IDRI-0061,1,3.0,1
60,4,LIDC-IDRI-0061,1,3.5,6
60,5,LIDC-IDRI-0061,1,3.5,15
62,0,LIDC-IDRI-0063,1,3.5,4
62,1,LIDC-IDRI-0063,2,4.5,6
62,2,LIDC-IDRI-0063,1,2.67,3
63,0,LIDC-IDRI-0064,1,3.0,10
63,1,LIDC-IDRI-0064,2,4.0,9
64,0,LIDC-IDRI-0065,1,3.0,2
65,0,LIDC-IDRI-0066,1,3.5,11
65,1,LIDC-IDRI-0066,1,3.5,4
66,0,LIDC-IDRI-0067,1,2.67,4
66,1,LIDC-IDRI-0067,1,3.0,5
66,2,LIDC-IDRI-0067,0,2.0,3
66,3,LIDC-IDRI-0067,2,4.0,9
67,0,LIDC-IDRI-0068,1,3.0,6
67,1,LIDC-IDRI-0068,1,2.5,5
67,2,LIDC-IDRI-0068,2,4.33,8
67,3,LIDC-IDRI-0068,1,2.5,3
67,4,LIDC-IDRI-0068,2,4.0,6
67,5,LIDC-IDRI-0068,2,4.5,7
67,6,LIDC-IDRI-0068,1,3.0,5
67,7,LIDC-IDRI-0068,1,3.0,4
68,0,LIDC-IDRI-0070,1,2.67,2
68,1,LIDC-IDRI-0070,1,2.5,2
68,2,LIDC-IDRI-0070,0,1.5,1
71,0,LIDC-IDRI-0073,1,3.0,2
71,1,LIDC-IDRI-0073,1,3.67,5
72,0,LIDC-IDRI-0074,1,3.5,6
73,0,LIDC-IDRI-0075,1,3.0,6
74,0,LIDC-IDRI-0076,1,2.5,6
74,1,LIDC-IDRI-0076,1,3.33,6
75,0,LIDC-IDRI-0077,2,4.25,10
76,0,LIDC-IDRI-0080,2,5.0,16
77,0,LIDC-IDRI-0081,1,3.0,9
77,1,LIDC-IDRI-0081,1,3.67,4
79,0,LIDC-IDRI-0083,1,2.67,3
79,1,LIDC-IDRI-0083,1,2.5,4
80,0,LIDC-IDRI-0085,0,2.0,2
82,0,LIDC-IDRI-0087,2,4.5,8
83,0,LIDC-IDRI-0088,1,3.33,3
83,1,LIDC-IDRI-0088,0,1.5,4
84,0,LIDC-IDRI-0089,2,4.33,10
85,0,LIDC-IDRI-0090,1,2.67,3
86,0,LIDC-IDRI-0091,1,3.0,5
87,0,LIDC-IDRI-0092,0,1.0,3
88,0,LIDC-IDRI-0093,1,3.5,3
90,0,LIDC-IDRI-0095,1,3.67,17
90,1,LIDC-IDRI-0095,2,4.5,8
91,0,LIDC-IDRI-0096,1,3.0,3
92,0,LIDC-IDRI-0097,1,2.5,5
93,0,LIDC-IDRI-0099,0,1.5,5
93,1,LIDC-IDRI-0099,1,3.0,5
95,0,LIDC-IDRI-0102,1,2.5,2
96,0,LIDC-IDRI-0104,1,3.33,5
97,0,LIDC-IDRI-0105,1,2.5,2
98,0,LIDC-IDRI-0107,1,2.5,4
99,0,LIDC-IDRI-0108,2,4.67,7
100,0,LIDC-IDRI-0109,1,3.33,9
101,0,LIDC-IDRI-0110,1,2.5,2
101,1,LIDC-IDRI-0110,1,3.5,2
102,0,LIDC-IDRI-0111,1,3.0,2
102,1,LIDC-IDRI-0111,2,4.33,7
102,2,LIDC-IDRI-0111,1,3.33,3
103,0,LIDC-IDRI-0112,1,3.0,4
104,0,LIDC-IDRI-0113,1,2.5,3
105,0,LIDC-IDRI-0114,2,4.0,6
105,1,LIDC-IDRI-0114,1,3.0,8
106,0,LIDC-IDRI-0116,2,4.75,7
107,0,LIDC-IDRI-0118,0,1.0,4
107,1,LIDC-IDRI-0118,0,1.33,4
107,2,LIDC-IDRI-0118,0,1.0,4
108,0,LIDC-IDRI-0121,2,4.0,12
108,1,LIDC-IDRI-0121,1,3.0,5
108,2,LIDC-IDRI-0121,1,3.5,6
109,0,LIDC-IDRI-0122,1,2.75,3
110,0,LIDC-IDRI-0123,1,2.5,5
111,0,LIDC-IDRI-0124,1,2.5,2
111,1,LIDC-IDRI-0124,1,2.5,4
111,2,LIDC-IDRI-0124,1,2.5,2
111,3,LIDC-IDRI-0124,1,2.5,3
111,4,LIDC-IDRI-0124,1,2.5,3
111,5,LIDC-IDRI-0124,0,2.0,2
111,6,LIDC-IDRI-0124,1,3.5,2
111,7,LIDC-IDRI-0124,1,3.33,3
111,8,LIDC-IDRI-0124,1,2.5,1
111,9,LIDC-IDRI-0124,1,2.5,3
112,0,LIDC-IDRI-0125,1,2.5,4
112,1,LIDC-IDRI-0125,0,2.0,3
113,0,LIDC-IDRI-0126,1,2.25,3
114,0,LIDC-IDRI-0128,1,3.0,4
115,0,LIDC-IDRI-0129,1,3.0,10
115,1,LIDC-IDRI-0129,1,2.75,6
115,2,LIDC-IDRI-0129,1,2.67,6
115,3,LIDC-IDRI-0129,1,2.67,4
115,4,LIDC-IDRI-0129,1,2.67,4
115,5,LIDC-IDRI-0129,1,2.5,3
115,6,LIDC-IDRI-0129,1,3.5,2
115,7,LIDC-IDRI-0129,1,2.5,6
115,8,LIDC-IDRI-0129,2,4.0,9
115,9,LIDC-IDRI-0129,1,2.5,3
115,10,LIDC-IDRI-0129,1,3.67,5
115,11,LIDC-IDRI-0129,2,4.5,9
115,12,LIDC-IDRI-0129,0,2.0,3
115,13,LIDC-IDRI-0129,1,3.0,5
116,0,LIDC-IDRI-0131,2,4.0,3
117,0,LIDC-IDRI-0132,1,2.5,9
117,1,LIDC-IDRI-0132,2,4.33,4
118,0,LIDC-IDRI-0133,1,3.0,13
119,0,LIDC-IDRI-0135,1,2.5,2
119,1,LIDC-IDRI-0135,1,2.67,3
119,2,LIDC-IDRI-0135,1,2.5,2
119,3,LIDC-IDRI-0135,1,3.33,3
119,4,LIDC-IDRI-0135,0,2.0,3
119,5,LIDC-IDRI-0135,1,2.5,2
120,0,LIDC-IDRI-0137,1,3.5,4
120,1,LIDC-IDRI-0137,0,1.0,2
122,0,LIDC-IDRI-0139,1,3.5,8
122,1,LIDC-IDRI-0139,2,4.0,9
123,0,LIDC-IDRI-0141,0,2.0,5
123,1,LIDC-IDRI-0141,1,2.5,7
123,2,LIDC-IDRI-0141,0,2.0,4
123,3,LIDC-IDRI-0141,1,3.0,5
126,0,LIDC-IDRI-0144,0,1.5,2
126,1,LIDC-IDRI-0144,0,1.5,3
126,2,LIDC-IDRI-0144,1,3.5,4
126,3,LIDC-IDRI-0144,0,2.0,3
126,4,LIDC-IDRI-0144,0,2.0,3
127,0,LIDC-IDRI-0145,1,3.5,4
128,0,LIDC-IDRI-0146,1,3.0,15
129,0,LIDC-IDRI-0148,1,3.5,6
129,1,LIDC-IDRI-0148,2,4.5,6
129,2,LIDC-IDRI-0148,2,4.75,5
130,0,LIDC-IDRI-0149,1,2.25,3
130,1,LIDC-IDRI-0149,1,2.67,2
130,2,LIDC-IDRI-0149,1,3.0,2
131,0,LIDC-IDRI-0151,1,3.75,4
132,0,LIDC-IDRI-0152,1,2.75,4
133,0,LIDC-IDRI-0153,1,3.5,6
133,1,LIDC-IDRI-0153,2,4.0,6
135,0,LIDC-IDRI-0156,2,4.0,4
137,0,LIDC-IDRI-0158,1,3.0,6
137,1,LIDC-IDRI-0158,1,2.5,9
138,0,LIDC-IDRI-0159,1,3.0,6
138,1,LIDC-IDRI-0159,1,3.5,5
139,0,LIDC-IDRI-0160,1,3.0,5
139,1,LIDC-IDRI-0160,0,1.0,4
139,2,LIDC-IDRI-0160,1,3.0,3
139,3,LIDC-IDRI-0160,1,3.67,3
140,0,LIDC-IDRI-0161,1,3.0,4
140,1,LIDC-IDRI-0161,1,3.5,5
141,0,LIDC-IDRI-0162,1,2.33,4
142,0,LIDC-IDRI-0163,2,4.0,9
143,0,LIDC-IDRI-0164,1,2.5,6
143,1,LIDC-IDRI-0164,1,2.67,5
143,2,LIDC-IDRI-0164,2,4.0,9
143,3,LIDC-IDRI-0164,1,3.67,6
143,4,LIDC-IDRI-0164,1,2.67,5
143,5,LIDC-IDRI-0164,1,3.0,4
143,6,LIDC-IDRI-0164,1,3.33,6
143,7,LIDC-IDRI-0164,1,3.67,7
143,8,LIDC-IDRI-0164,1,3.5,5
146,0,LIDC-IDRI-0167,0,2.0,2
146,1,LIDC-IDRI-0167,1,3.0,3
146,2,LIDC-IDRI-0167,0,1.0,2
147,0,LIDC-IDRI-0168,0,1.33,4
148,0,LIDC-IDRI-0169,1,3.0,3
148,1,LIDC-IDRI-0169,2,4.5,6
148,2,LIDC-IDRI-0169,1,2.5,5
149,0,LIDC-IDRI-0170,2,4.0,14
150,0,LIDC-IDRI-0171,1,2.33,3
150,1,LIDC-IDRI-0171,1,3.0,2
150,2,LIDC-IDRI-0171,1,2.33,2
150,3,LIDC-IDRI-0171,2,4.0,6
151,0,LIDC-IDRI-0172,2,4.0,8
154,0,LIDC-IDRI-0175,1,2.67,4
155,0,LIDC-IDRI-0176,0,2.0,2
156,0,LIDC-IDRI-0177,1,3.0,4
156,1,LIDC-IDRI-0177,1,3.0,3
158,0,LIDC-IDRI-0179,1,3.0,6
158,1,LIDC-IDRI-0179,1,2.5,3
158,2,LIDC-IDRI-0179,1,2.67,3
158,3,LIDC-IDRI-0179,2,4.0,5
158,4,LIDC-IDRI-0179,1,3.0,2
160,0,LIDC-IDRI-0181,1,2.33,5
160,1,LIDC-IDRI-0181,1,3.0,4
160,2,LIDC-IDRI-0181,1,3.0,6
160,3,LIDC-IDRI-0181,0,2.0,6
160,4,LIDC-IDRI-0181,2,4.5,6
161,0,LIDC-IDRI-0182,1,2.33,4
161,1,LIDC-IDRI-0182,0,2.0,2
162,0,LIDC-IDRI-0183,1,2.5,5
162,1,LIDC-IDRI-0183,2,4.0,10
162,2,LIDC-IDRI-0183,2,4.5,9
163,0,LIDC-IDRI-0184,1,2.33,3
164,0,LIDC-IDRI-0185,0,1.67,2
164,1,LIDC-IDRI-0185,0,2.0,3
164,2,LIDC-IDRI-0185,1,2.5,3
164,3,LIDC-IDRI-0185,1,2.5,2
164,4,LIDC-IDRI-0185,1,3.0,4
164,5,LIDC-IDRI-0185,0,1.0,4
165,0,LIDC-IDRI-0186,2,5.0,4
165,1,LIDC-IDRI-0186,1,3.0,9
165,2,LIDC-IDRI-0186,0,1.0,2
166,0,LIDC-IDRI-0187,2,4.25,8
166,1,LIDC-IDRI-0187,1,2.5,2
167,0,LIDC-IDRI-0188,1,2.5,3
167,1,LIDC-IDRI-0188,1,3.33,3
167,2,LIDC-IDRI-0188,1,2.5,2
167,3,LIDC-IDRI-0188,2,4.33,9
167,4,LIDC-IDRI-0188,1,2.67,2
169,0,LIDC-IDRI-0190,1,3.5,7
169,1,LIDC-IDRI-0190,2,5.0,10
171,0,LIDC-IDRI-0192,1,2.67,6
171,1,LIDC-IDRI-0192,1,3.0,4
171,2,LIDC-IDRI-0192,1,3.33,4
172,0,LIDC-IDRI-0193,1,2.25,3
173,0,LIDC-IDRI-0194,2,4.5,5
173,1,LIDC-IDRI-0194,2,4.67,5
174,0,LIDC-IDRI-0195,2,4.0,4
174,1,LIDC-IDRI-0195,2,4.0,6
174,2,LIDC-IDRI-0195,2,4.67,7
174,3,LIDC-IDRI-0195,2,4.33,4
174,4,LIDC-IDRI-0195,2,4.0,6
174,5,LIDC-IDRI-0195,1,3.5,8
175,0,LIDC-IDRI-0196,2,4.5,5
178,0,LIDC-IDRI-0199,1,3.0,12
178,1,LIDC-IDRI-0199,0,1.5,3
181,0,LIDC-IDRI-0202,1,3.0,2
182,0,LIDC-IDRI-0203,0,1.0,3
182,1,LIDC-IDRI-0203,2,4.5,10
185,0,LIDC-IDRI-0206,2,4.0,8
185,1,LIDC-IDRI-0206,0,2.0,4
185,2,LIDC-IDRI-0206,1,3.0,5
186,0,LIDC-IDRI-0207,1,3.0,5
187,0,LIDC-IDRI-0208,1,3.5,3
187,1,LIDC-IDRI-0208,1,2.75,3
187,2,LIDC-IDRI-0208,1,3.0,2
188,0,LIDC-IDRI-0209,1,3.67,8
189,0,LIDC-IDRI-0210,1,3.25,3
191,0,LIDC-IDRI-0212,0,1.0,2
192,0,LIDC-IDRI-0213,0,1.33,4
194,0,LIDC-IDRI-0215,0,1.0,4
194,1,LIDC-IDRI-0215,1,3.0,3
194,2,LIDC-IDRI-0215,1,2.5,2
194,3,LIDC-IDRI-0215,1,2.5,2
195,0,LIDC-IDRI-0216,1,2.5,3
196,0,LIDC-IDRI-0217,1,3.5,5
196,1,LIDC-IDRI-0217,1,3.5,4
196,2,LIDC-IDRI-0217,2,4.5,5
197,0,LIDC-IDRI-0219,1,3.75,4
198,0,LIDC-IDRI-0220,1,2.5,6
198,1,LIDC-IDRI-0220,1,3.0,7
198,2,LIDC-IDRI-0220,2,4.0,7
198,3,LIDC-IDRI-0220,2,4.5,10
199,0,LIDC-IDRI-0221,2,5.0,8
200,0,LIDC-IDRI-0222,0,1.75,3
201,0,LIDC-IDRI-0223,2,5.0,16
201,1,LIDC-IDRI-0223,2,4.0,12
205,0,LIDC-IDRI-0227,1,3.0,3
205,1,LIDC-IDRI-0227,1,3.5,4
206,0,LIDC-IDRI-0228,1,3.67,5
207,0,LIDC-IDRI-0229,2,4.0,6
207,1,LIDC-IDRI-0229,1,3.0,1
207,2,LIDC-IDRI-0229,2,4.25,4
207,3,LIDC-IDRI-0229,2,4.5,8
207,4,LIDC-IDRI-0229,1,2.33,1
207,5,LIDC-IDRI-0229,2,4.0,3
207,6,LIDC-IDRI-0229,2,4.0,4
208,0,LIDC-IDRI-0230,1,3.0,1
208,1,LIDC-IDRI-0230,1,3.0,2
211,0,LIDC-IDRI-0233,1,3.0,2
211,1,LIDC-IDRI-0233,1,2.67,2
212,0,LIDC-IDRI-0234,1,3.0,3
213,0,LIDC-IDRI-0235,0,2.0,4
214,0,LIDC-IDRI-0236,1,2.5,4
214,1,LIDC-IDRI-0236,1,3.0,3
215,0,LIDC-IDRI-0237,1,3.33,4
215,1,LIDC-IDRI-0237,1,2.5,3
215,2,LIDC-IDRI-0237,1,3.0,3
217,0,LIDC-IDRI-0240,1,3.33,4
217,1,LIDC-IDRI-0240,2,4.0,6
218,0,LIDC-IDRI-0241,1,2.67,3
218,1,LIDC-IDRI-0241,1,2.33,2
218,2,LIDC-IDRI-0241,1,2.33,2
219,0,LIDC-IDRI-0242,2,5.0,7
221,0,LIDC-IDRI-0244,1,3.5,6
221,1,LIDC-IDRI-0244,1,2.5,3
221,2,LIDC-IDRI-0244,0,1.0,2
222,0,LIDC-IDRI-0245,1,2.67,2
223,0,LIDC-IDRI-0246,1,2.5,3
224,0,LIDC-IDRI-0247,1,3.0,1
225,0,LIDC-IDRI-0248,0,1.33,2
226,0,LIDC-IDRI-0249,1,3.0,6
227,0,LIDC-IDRI-0250,1,3.75,5
227,1,LIDC-IDRI-0250,2,4.67,4
228,0,LIDC-IDRI-0251,1,2.5,3
231,0,LIDC-IDRI-0254,1,2.25,3
231,1,LIDC-IDRI-0254,1,3.0,1
231,2,LIDC-IDRI-0254,1,2.5,2
232,0,LIDC-IDRI-0255,1,2.5,2
232,1,LIDC-IDRI-0255,1,2.5,2
232,2,LIDC-IDRI-0255,1,2.5,3
233,0,LIDC-IDRI-0256,0,1.33,3
234,0,LIDC-IDRI-0257,1,3.5,5
235,0,LIDC-IDRI-0258,1,2.75,3
235,1,LIDC-IDRI-0258,1,3.0,3
236,0,LIDC-IDRI-0259,1,3.5,6
237,0,LIDC-IDRI-0260,1,3.67,6
237,1,LIDC-IDRI-0260,2,4.0,5
237,2,LIDC-IDRI-0260,2,4.0,4
239,0,LIDC-IDRI-0263,0,1.75,2
240,0,LIDC-IDRI-0264,2,4.0,12
240,1,LIDC-IDRI-0264,1,3.33,7
241,0,LIDC-IDRI-0265,2,4.0,9
243,0,LIDC-IDRI-0267,0,1.0,3
245,0,LIDC-IDRI-0269,1,3.0,3
246,0,LIDC-IDRI-0270,0,2.0,2
247,0,LIDC-IDRI-0271,1,2.25,2
248,0,LIDC-IDRI-0272,1,2.25,2
249,0,LIDC-IDRI-0273,1,2.33,3
249,1,LIDC-IDRI-0273,1,3.0,1
250,0,LIDC-IDRI-0274,1,3.0,5
252,0,LIDC-IDRI-0276,2,4.0,3
253,0,LIDC-IDRI-0277,1,3.67,4
254,0,LIDC-IDRI-0278,1,3.0,4
254,1,LIDC-IDRI-0278,1,3.0,3
257,0,LIDC-IDRI-0281,0,1.5,3
258,0,LIDC-IDRI-0282,1,2.75,3
258,1,LIDC-IDRI-0282,1,2.67,2
259,0,LIDC-IDRI-0283,1,3.0,3
260,0,LIDC-IDRI-0284,0,1.0,3
260,1,LIDC-IDRI-0284,1,2.67,3
261,0,LIDC-IDRI-0285,1,2.5,3
262,0,LIDC-IDRI-0286,1,2.5,4
262,1,LIDC-IDRI-0286,0,1.33,3
262,2,LIDC-IDRI-0286,1,2.5,3
263,0,LIDC-IDRI-0287,0,2.0,2
264,0,LIDC-IDRI-0288,1,2.5,2
264,1,LIDC-IDRI-0288,1,3.0,3
265,0,LIDC-IDRI-0289,1,3.0,9
265,1,LIDC-IDRI-0289,1,2.33,1
267,0,LIDC-IDRI-0291,0,2.0,5
268,0,LIDC-IDRI-0292,1,3.0,11
270,0,LIDC-IDRI-0294,1,3.67,9
271,0,LIDC-IDRI-0296,1,3.33,5
272,0,LIDC-IDRI-0297,0,2.0,7
273,0,LIDC-IDRI-0298,1,2.5,7
273,1,LIDC-IDRI-0298,1,2.5,8
273,2,LIDC-IDRI-0298,1,2.5,6
273,3,LIDC-IDRI-0298,1,2.5,7
274,0,LIDC-IDRI-0299,1,3.0,6
274,1,LIDC-IDRI-0299,2,4.0,7
275,0,LIDC-IDRI-0300,0,2.0,4
275,1,LIDC-IDRI-0300,2,4.0,11
275,2,LIDC-IDRI-0300,1,2.5,10
276,0,LIDC-IDRI-0301,0,1.5,10
278,0,LIDC-IDRI-0304,1,3.5,7
280,0,LIDC-IDRI-0308,1,2.5,11
281,0,LIDC-IDRI-0309,2,4.0,4
282,0,LIDC-IDRI-0310,1,3.0,4
283,0,LIDC-IDRI-0311,1,3.5,8
286,0,LIDC-IDRI-0315,1,2.75,3
286,1,LIDC-IDRI-0315,1,2.5,3
286,2,LIDC-IDRI-0315,1,2.33,1
286,3,LIDC-IDRI-0315,1,2.5,2
286,4,LIDC-IDRI-0315,1,3.33,3
287,0,LIDC-IDRI-0315,2,4.0,4
287,1,LIDC-IDRI-0315,1,2.5,3
287,2,LIDC-IDRI-0315,0,2.0,3
287,3,LIDC-IDRI-0315,1,3.5,2
287,4,LIDC-IDRI-0315,1,3.5,3
289,0,LIDC-IDRI-0317,0,2.0,2
294,0,LIDC-IDRI-0323,0,2.0,2
294,1,LIDC-IDRI-0323,1,2.67,2
294,2,LIDC-IDRI-0323,1,2.67,3
296,0,LIDC-IDRI-0325,2,4.5,27
299,0,LIDC-IDRI-0329,1,3.0,2
302,0,LIDC-IDRI-0332,2,5.0,13
302,1,LIDC-IDRI-0332,1,3.0,8
303,0,LIDC-IDRI-0332,2,4.0,10
303,1,LIDC-IDRI-0332,1,2.5,6
304,0,LIDC-IDRI-0334,1,2.5,2
304,1,LIDC-IDRI-0334,1,2.67,3
304,2,LIDC-IDRI-0334,1,3.0,4
304,3,LIDC-IDRI-0334,0,2.0,1
304,4,LIDC-IDRI-0334,2,4.0,3
304,5,LIDC-IDRI-0334,1,3.0,3
305,0,LIDC-IDRI-0335,1,2.67,4
305,1,LIDC-IDRI-0335,1,2.5,4
305,2,LIDC-IDRI-0335,0,2.0,5
307,0,LIDC-IDRI-0337,2,5.0,12
307,1,LIDC-IDRI-0337,2,4.5,5
309,0,LIDC-IDRI-0339,1,3.0,4
310,0,LIDC-IDRI-0340,1,2.5,14
312,0,LIDC-IDRI-0343,1,2.67,6
314,0,LIDC-IDRI-0345,1,2.67,4
314,1,LIDC-IDRI-0345,1,2.33,5
315,0,LIDC-IDRI-0346,0,1.0,3
315,1,LIDC-IDRI-0346,0,1.0,3
315,2,LIDC-IDRI-0346,1,3.0,2
315,3,LIDC-IDRI-0346,0,1.0,2
315,4,LIDC-IDRI-0346,1,3.0,5
316,0,LIDC-IDRI-0347,1,2.25,3
316,1,LIDC-IDRI-0347,1,3.0,4
316,2,LIDC-IDRI-0347,2,4.5,4
317,0,LIDC-IDRI-0348,1,3.67,8
319,0,LIDC-IDRI-0350,1,3.5,3
319,1,LIDC-IDRI-0350,1,3.0,4
320,0,LIDC-IDRI-0351,0,1.0,3
321,0,LIDC-IDRI-0352,1,3.0,5
322,0,LIDC-IDRI-0353,2,4.0,5
322,1,LIDC-IDRI-0353,0,1.0,3
322,2,LIDC-IDRI-0353,1,3.5,5
323,0,LIDC-IDRI-0354,0,1.0,3
326,0,LIDC-IDRI-0356,1,3.0,4
326,1,LIDC-IDRI-0356,1,3.0,2
326,2,LIDC-IDRI-0356,1,2.5,2
326,3,LIDC-IDRI-0356,1,3.0,2
326,4,LIDC-IDRI-0356,1,3.0,4
326,5,LIDC-IDRI-0356,1,3.0,3
326,6,LIDC-IDRI-0356,1,2.5,3
328,0,LIDC-IDRI-0358,1,3.5,3
329,0,LIDC-IDRI-0359,0,1.5,4
329,1,LIDC-IDRI-0359,1,3.5,2
330,0,LIDC-IDRI-0360,1,3.0,10
330,1,LIDC-IDRI-0360,1,2.5,12
332,0,LIDC-IDRI-0362,2,4.33,6
334,0,LIDC-IDRI-0365,2,4.5,3
335,0,LIDC-IDRI-0365,1,3.0,4
336,0,LIDC-IDRI-0366,1,3.0,3
336,1,LIDC-IDRI-0366,1,3.5,5
338,0,LIDC-IDRI-0368,1,3.0,5
338,1,LIDC-IDRI-0368,1,3.0,3
338,2,LIDC-IDRI-0368,2,4.0,8
338,3,LIDC-IDRI-0368,1,3.5,8
338,4,LIDC-IDRI-0368,0,1.0,3
338,5,LIDC-IDRI-0368,1,3.5,9
339,0,LIDC-IDRI-0369,1,2.33,4
343,0,LIDC-IDRI-0375,0,1.0,8
344,0,LIDC-IDRI-0376,1,3.0,13
345,0,LIDC-IDRI-0377,2,5.0,11
345,1,LIDC-IDRI-0377,1,3.5,4
347,0,LIDC-IDRI-0379,1,3.0,2
347,1,LIDC-IDRI-0379,0,1.0,2
347,2,LIDC-IDRI-0379,1,2.5,3
347,3,LIDC-IDRI-0379,1,3.0,5
347,4,LIDC-IDRI-0379,0,1.5,3
348,0,LIDC-IDRI-0380,1,2.75,3
348,1,LIDC-IDRI-0380,0,2.0,2
348,2,LIDC-IDRI-0380,1,2.5,3
352,0,LIDC-IDRI-0384,1,3.0,7
354,0,LIDC-IDRI-0386,1,3.33,7
354,1,LIDC-IDRI-0386,0,1.0,10
354,2,LIDC-IDRI-0386,1,3.5,6
355,0,LIDC-IDRI-0387,2,4.0,4
355,1,LIDC-IDRI-0387,1,3.0,2
356,0,LIDC-IDRI-0388,0,2.0,5
358,0,LIDC-IDRI-0390,0,1.0,3
358,1,LIDC-IDRI-0390,0,1.0,3
358,2,LIDC-IDRI-0390,0,1.0,4
358,3,LIDC-IDRI-0390,0,1.0,3
358,4,LIDC-IDRI-0390,0,1.0,3
358,5,LIDC-IDRI-0390,0,1.0,3
358,6,LIDC-IDRI-0390,0,2.0,3
358,7,LIDC-IDRI-0390,0,1.0,2
358,8,LIDC-IDRI-0390,0,1.5,2
360,0,LIDC-IDRI-0392,1,2.67,2
360,1,LIDC-IDRI-0392,1,3.0,4
362,0,LIDC-IDRI-0394,2,4.0,5
362,1,LIDC-IDRI-0394,1,3.67,3
362,2,LIDC-IDRI-0394,1,3.25,2
362,3,LIDC-IDRI-0394,1,3.33,3
362,4,LIDC-IDRI-0394,1,3.0,3
362,5,LIDC-IDRI-0394,1,3.5,8
363,0,LIDC-IDRI-0395,1,2.67,2
363,1,LIDC-IDRI-0395,1,3.5,5
366,0,LIDC-IDRI-0398,1,3.25,6
367,0,LIDC-IDRI-0399,0,2.0,5
368,0,LIDC-IDRI-0400,1,3.33,3
368,1,LIDC-IDRI-0400,1,3.33,3
368,2,LIDC-IDRI-0400,1,3.5,3
370,0,LIDC-IDRI-0403,0,1.0,15
371,0,LIDC-IDRI-0404,2,5.0,15
371,1,LIDC-IDRI-0404,1,3.0,14
372,0,LIDC-IDRI-0405,1,2.33,7
372,1,LIDC-IDRI-0405,1,3.5,5
373,0,LIDC-IDRI-0406,1,3.0,5
374,0,LIDC-IDRI-0407,2,4.33,8
374,1,LIDC-IDRI-0407,0,2.0,4
374,2,LIDC-IDRI-0407,1,2.5,5
375,0,LIDC-IDRI-0409,0,1.0,9
375,1,LIDC-IDRI-0409,1,2.5,3
375,2,LIDC-IDRI-0409,1,3.5,11
378,0,LIDC-IDRI-0412,0,2.0,4
378,1,LIDC-IDRI-0412,1,3.0,7
379,0,LIDC-IDRI-0413,1,2.5,2
379,1,LIDC-IDRI-0413,0,2.0,2
380,0,LIDC-IDRI-0414,1,3.5,5
381,0,LIDC-IDRI-0416,1,3.0,3
381,1,LIDC-IDRI-0416,1,3.33,3
384,0,LIDC-IDRI-0419,0,1.67,4
385,0,LIDC-IDRI-0420,2,4.0,3
385,1,LIDC-IDRI-0420,1,3.0,3
386,0,LIDC-IDRI-0421,0,1.0,3
386,1,LIDC-IDRI-0421,2,4.0,9
387,0,LIDC-IDRI-0423,2,4.25,14
390,0,LIDC-IDRI-0426,0,1.0,4
391,0,LIDC-IDRI-0427,0,1.0,11
391,1,LIDC-IDRI-0427,0,2.0,7
391,2,LIDC-IDRI-0427,0,2.0,6
391,3,LIDC-IDRI-0427,0,1.0,7
397,0,LIDC-IDRI-0433,0,2.0,5
397,1,LIDC-IDRI-0433,1,2.5,5
397,2,LIDC-IDRI-0433,1,2.67,2
397,3,LIDC-IDRI-0433,1,2.67,6
398,0,LIDC-IDRI-0434,1,2.67,6
398,1,LIDC-IDRI-0434,1,3.0,7
399,0,LIDC-IDRI-0437,0,1.5,9
399,1,LIDC-IDRI-0437,0,1.5,11
399,2,LIDC-IDRI-0437,0,1.0,11
400,0,LIDC-IDRI-0438,1,2.75,13
401,0,LIDC-IDRI-0439,1,3.33,7
401,1,LIDC-IDRI-0439,0,2.0,3
404,0,LIDC-IDRI-0442,1,2.33,2
404,1,LIDC-IDRI-0442,0,2.0,2
404,2,LIDC-IDRI-0442,0,2.0,2
405,0,LIDC-IDRI-0442,1,3.33,2
405,1,LIDC-IDRI-0442,0,2.0,1
405,2,LIDC-IDRI-0442,1,2.75,2
406,0,LIDC-IDRI-0443,0,2.0,9
408,0,LIDC-IDRI-0445,2,4.0,4
410,0,LIDC-IDRI-0448,1,3.5,6
410,1,LIDC-IDRI-0448,1,3.0,5
410,2,LIDC-IDRI-0448,1,3.0,4
410,3,LIDC-IDRI-0448,1,2.5,5
411,0,LIDC-IDRI-0449,1,2.33,3
411,1,LIDC-IDRI-0449,1,3.0,3
412,0,LIDC-IDRI-0450,1,3.5,4
412,1,LIDC-IDRI-0450,1,3.25,6
412,2,LIDC-IDRI-0450,1,3.0,5
412,3,LIDC-IDRI-0450,1,3.0,3
412,4,LIDC-IDRI-0450,1,2.33,4
412,5,LIDC-IDRI-0450,2,5.0,7
412,6,LIDC-IDRI-0450,1,3.0,2
413,0,LIDC-IDRI-0451,1,3.0,6
414,0,LIDC-IDRI-0452,1,3.5,4
415,0,LIDC-IDRI-0453,1,3.33,4
416,0,LIDC-IDRI-0454,2,5.0,18
416,1,LIDC-IDRI-0454,1,2.67,4
416,2,LIDC-IDRI-0454,2,4.0,5
416,3,LIDC-IDRI-0454,1,2.25,5
417,0,LIDC-IDRI-0456,0,1.0,4
417,1,LIDC-IDRI-0456,0,1.0,12
417,2,LIDC-IDRI-0456,0,1.0,5
419,0,LIDC-IDRI-0458,1,3.67,4
419,1,LIDC-IDRI-0458,1,3.0,3
423,0,LIDC-IDRI-0463,0,1.0,8
423,1,LIDC-IDRI-0463,1,2.5,14
425,0,LIDC-IDRI-0466,0,1.0,4
426,0,LIDC-IDRI-0467,1,2.5,4
427,0,LIDC-IDRI-0468,1,2.5,7
428,0,LIDC-IDRI-0469,1,3.0,21
428,1,LIDC-IDRI-0469,1,3.0,5
428,2,LIDC-IDRI-0469,1,2.67,8
429,0,LIDC-IDRI-0470,2,4.5,18
432,0,LIDC-IDRI-0473,0,2.0,5
432,1,LIDC-IDRI-0473,0,2.0,5
432,2,LIDC-IDRI-0473,0,2.0,2
432,3,LIDC-IDRI-0473,1,2.5,3
433,0,LIDC-IDRI-0474,0,1.0,4
433,1,LIDC-IDRI-0474,1,3.0,6
434,0,LIDC-IDRI-0475,1,3.0,2
435,0,LIDC-IDRI-0476,1,3.33,7
435,1,LIDC-IDRI-0476,1,3.5,7
435,2,LIDC-IDRI-0476,1,2.75,4
435,3,LIDC-IDRI-0476,1,3.67,7
435,4,LIDC-IDRI-0476,1,3.5,8
435,5,LIDC-IDRI-0476,1,3.0,8
436,0,LIDC-IDRI-0478,0,1.0,5
438,0,LIDC-IDRI-0480,1,3.0,2
439,0,LIDC-IDRI-0481,0,2.0,4
439,1,LIDC-IDRI-0481,1,2.5,3
439,2,LIDC-IDRI-0481,1,2.5,8
439,3,LIDC-IDRI-0481,0,2.0,3
441,0,LIDC-IDRI-0484,2,4.0,6
442,0,LIDC-IDRI-0484,2,4.0,6
443,0,LIDC-IDRI-0485,0,1.0,3
443,1,LIDC-IDRI-0485,1,3.0,5
443,2,LIDC-IDRI-0485,1,3.0,3
443,3,LIDC-IDRI-0485,0,2.0,2
444,0,LIDC-IDRI-0486,1,2.5,4
446,0,LIDC-IDRI-0488,0,2.0,7
446,1,LIDC-IDRI-0488,1,2.5,6
447,0,LIDC-IDRI-0489,2,5.0,9
447,1,LIDC-IDRI-0489,2,4.33,5
447,2,LIDC-IDRI-0489,2,4.0,6
447,3,LIDC-IDRI-0489,1,3.0,3
447,4,LIDC-IDRI-0489,1,3.0,3
447,5,LIDC-IDRI-0489,1,2.5,2
447,6,LIDC-IDRI-0489,1,3.5,4
447,7,LIDC-IDRI-0489,2,5.0,8
448,0,LIDC-IDRI-0490,2,4.0,31
449,0,LIDC-IDRI-0491,0,1.0,5
449,1,LIDC-IDRI-0491,0,1.0,5
449,2,LIDC-IDRI-0491,0,1.0,6
449,3,LIDC-IDRI-0491,0,1.0,6
449,4,LIDC-IDRI-0491,1,2.5,18
449,5,LIDC-IDRI-0491,0,1.0,9
450,0,LIDC-IDRI-0492,0,1.0,4
450,1,LIDC-IDRI-0492,0,2.0,3
450,2,LIDC-IDRI-0492,1,2.67,4
450,3,LIDC-IDRI-0492,0,1.0,3
451,0,LIDC-IDRI-0493,0,1.0,3
455,0,LIDC-IDRI-0499,1,2.5,2
455,1,LIDC-IDRI-0499,1,2.5,2
455,2,LIDC-IDRI-0499,0,2.0,2
455,3,LIDC-IDRI-0499,1,2.5,1
456,0,LIDC-IDRI-0500,1,2.67,4
458,0,LIDC-IDRI-0503,1,2.5,4
459,0,LIDC-IDRI-0504,1,3.0,5
460,0,LIDC-IDRI-0505,1,3.5,4
462,0,LIDC-IDRI-0507,2,4.0,10
462,1,LIDC-IDRI-0507,1,3.67,12
462,2,LIDC-IDRI-0507,1,3.0,12
463,0,LIDC-IDRI-0508,2,4.0,17
464,0,LIDC-IDRI-0509,1,3.0,2
464,1,LIDC-IDRI-0509,1,3.0,1
464,2,LIDC-IDRI-0509,1,3.0,3
464,3,LIDC-IDRI-0509,1,2.67,2
465,0,LIDC-IDRI-0510,1,3.5,8
465,1,LIDC-IDRI-0510,1,3.5,9
465,2,LIDC-IDRI-0510,1,3.0,5
470,0,LIDC-IDRI-0515,2,4.0,14
473,0,LIDC-IDRI-0518,1,3.0,3
473,1,LIDC-IDRI-0518,0,2.0,2
476,0,LIDC-IDRI-0521,1,3.33,13
478,0,LIDC-IDRI-0525,1,3.5,13
479,0,LIDC-IDRI-0526,2,4.0,7
479,1,LIDC-IDRI-0526,1,3.5,4
479,2,LIDC-IDRI-0526,2,5.0,6
480,0,LIDC-IDRI-0527,1,3.0,3
482,0,LIDC-IDRI-0529,0,1.67,6
483,0,LIDC-IDRI-0530,1,2.5,5
483,1,LIDC-IDRI-0530,0,1.0,7
486,0,LIDC-IDRI-0533,1,3.25,4
487,0,LIDC-IDRI-0534,0,1.0,3
488,0,LIDC-IDRI-0535,1,2.5,6
488,1,LIDC-IDRI-0535,1,3.0,4
488,2,LIDC-IDRI-0535,1,2.5,3
493,0,LIDC-IDRI-0541,0,1.0,2
494,0,LIDC-IDRI-0542,0,1.0,7
495,0,LIDC-IDRI-0543,2,4.0,23
495,1,LIDC-IDRI-0543,1,3.0,10
498,0,LIDC-IDRI-0546,2,4.33,18
499,0,LIDC-IDRI-0547,1,2.67,7
499,1,LIDC-IDRI-0547,0,2.0,6
501,0,LIDC-IDRI-0549,1,3.0,4
501,1,LIDC-IDRI-0549,1,2.5,6
501,2,LIDC-IDRI-0549,1,3.0,5
501,3,LIDC-IDRI-0549,1,3.0,4
501,4,LIDC-IDRI-0549,1,2.67,4
501,5,LIDC-IDRI-0549,1,2.67,6
503,0,LIDC-IDRI-0552,2,4.0,3
505,0,LIDC-IDRI-0554,1,3.0,4
506,0,LIDC-IDRI-0555,1,3.0,4
507,0,LIDC-IDRI-0556,1,3.0,9
508,0,LIDC-IDRI-0557,1,3.0,8
510,0,LIDC-IDRI-0559,0,1.0,2
510,1,LIDC-IDRI-0559,0,1.0,2
513,0,LIDC-IDRI-0562,1,3.5,16
513,1,LIDC-IDRI-0562,1,3.0,5
516,0,LIDC-IDRI-0565,1,3.0,3
516,1,LIDC-IDRI-0565,1,2.33,3
516,2,LIDC-IDRI-0565,2,4.67,9
516,3,LIDC-IDRI-0565,0,2.0,2
516,4,LIDC-IDRI-0565,0,2.0,4
516,5,LIDC-IDRI-0565,0,2.0,3
517,0,LIDC-IDRI-0567,0,1.0,3
518,0,LIDC-IDRI-0568,0,1.0,4
518,1,LIDC-IDRI-0568,1,2.67,4
518,2,LIDC-IDRI-0568,0,1.0,5
519,0,LIDC-IDRI-0569,1,2.5,2
519,1,LIDC-IDRI-0569,0,1.0,3
519,2,LIDC-IDRI-0569,1,2.67,3
519,3,LIDC-IDRI-0569,0,1.0,2
522,0,LIDC-IDRI-0572,0,1.5,12
526,0,LIDC-IDRI-0576,1,3.5,12
526,1,LIDC-IDRI-0576,1,3.0,4
526,2,LIDC-IDRI-0576,2,4.5,12
526,3,LIDC-IDRI-0576,0,1.5,3
527,0,LIDC-IDRI-0577,0,1.67,3
527,1,LIDC-IDRI-0577,1,2.5,2
528,0,LIDC-IDRI-0578,1,2.25,2
529,0,LIDC-IDRI-0579,1,3.0,7
530,0,LIDC-IDRI-0580,1,3.33,5
532,0,LIDC-IDRI-0582,0,2.0,6
532,1,LIDC-IDRI-0582,1,2.33,7
532,2,LIDC-IDRI-0582,1,2.67,3
532,3,LIDC-IDRI-0582,1,3.0,4
532,4,LIDC-IDRI-0582,1,2.5,6
532,5,LIDC-IDRI-0582,0,1.5,2
533,0,LIDC-IDRI-0583,0,2.0,6
533,1,LIDC-IDRI-0583,1,2.5,6
533,2,LIDC-IDRI-0583,1,3.25,6
533,3,LIDC-IDRI-0583,1,2.67,4
533,4,LIDC-IDRI-0583,0,2.0,3
533,5,LIDC-IDRI-0583,1,3.0,3
533,6,LIDC-IDRI-0583,1,2.5,5
533,7,LIDC-IDRI-0583,1,2.5,5
533,8,LIDC-IDRI-0583,1,2.5,4
533,9,LIDC-IDRI-0583,1,3.0,4
535,0,LIDC-IDRI-0586,1,2.25,2
535,1,LIDC-IDRI-0586,1,2.25,2
536,0,LIDC-IDRI-0587,1,3.0,5
539,0,LIDC-IDRI-0590,2,4.0,10
540,0,LIDC-IDRI-0591,1,3.0,3
541,0,LIDC-IDRI-0592,1,3.0,4
544,0,LIDC-IDRI-0595,1,2.5,8
545,0,LIDC-IDRI-0596,1,3.0,6
545,1,LIDC-IDRI-0596,1,3.33,5
546,0,LIDC-IDRI-0597,1,3.5,4
547,0,LIDC-IDRI-0598,1,3.33,3
