series_id,nodule_id,patient_id,label,avg_score,num_slices,split,spiculation_label,margin_label,texture_label
0,0,LIDC-IDRI-0001,2,5.0,8,val,2,2,2
2,0,LIDC-IDRI-0003,2,4.33,7,train,-1,-1,-1
2,1,LIDC-IDRI-0003,1,3.0,4,train,-1,-1,-1
2,2,LIDC-IDRI-0003,2,4.0,5,train,-1,-1,-1
3,0,LIDC-IDRI-0004,0,1.5,4,train,-1,-1,-1
4,0,LIDC-IDRI-0005,1,2.75,2,test,-1,-1,-1
4,1,LIDC-IDRI-0005,1,2.5,3,test,-1,-1,-1
5,0,LIDC-IDRI-0006,1,3.5,2,train,-1,-1,-1
5,1,LIDC-IDRI-0006,1,3.0,1,train,-1,-1,-1
5,2,LIDC-IDRI-0006,1,2.5,3,train,-1,-1,-1
7,0,LIDC-IDRI-0008,1,2.67,2,val,0,1,2
7,1,LIDC-IDRI-0008,1,3.0,2,val,0,1,2
9,0,LIDC-IDRI-0010,1,3.67,4,train,-1,-1,-1
10,0,LIDC-IDRI-0011,1,3.33,4,val,0,2,2
10,1,LIDC-IDRI-0011,0,1.4,2,val,0,2,2
10,2,LIDC-IDRI-0011,0,1.0,3,val,0,2,2
10,3,LIDC-IDRI-0011,0,1.0,3,val,0,2,2
11,0,LIDC-IDRI-0012,1,2.5,3,train,-1,-1,-1
11,1,LIDC-IDRI-0012,1,3.5,4,train,-1,-1,-1
11,2,LIDC-IDRI-0012,1,3.0,3,train,-1,-1,-1
11,3,LIDC-IDRI-0012,1,3.33,3,train,-1,-1,-1
11,4,LIDC-IDRI-0012,0,2.0,4,train,-1,-1,-1
11,5,LIDC-IDRI-0012,1,3.0,3,train,-1,-1,-1
11,6,LIDC-IDRI-0012,1,2.67,3,train,-1,-1,-1
11,7,LIDC-IDRI-0012,1,2.5,3,train,-1,-1,-1
11,8,LIDC-IDRI-0012,1,3.0,3,train,-1,-1,-1
11,9,LIDC-IDRI-0012,1,3.5,5,train,-1,-1,-1
11,10,LIDC-IDRI-0012,1,2.5,3,train,-1,-1,-1
12,0,LIDC-IDRI-0013,1,3.0,4,test,0,2,2
12,1,LIDC-IDRI-0013,2,5.0,9,test,0,2,2
13,0,LIDC-IDRI-0014,2,4.0,5,train,-1,-1,-1
15,0,LIDC-IDRI-0016,2,4.5,5,train,0,2,2
15,1,LIDC-IDRI-0016,1,3.75,4,train,0,2,2
15,2,LIDC-IDRI-0016,1,2.67,3,train,0,2,2
15,3,LIDC-IDRI-0016,1,2.67,2,train,0,2,2
15,4,LIDC-IDRI-0016,2,4.5,6,train,0,2,2
16,0,LIDC-IDRI-0017,1,2.67,5,train,-1,-1,-1
17,0,LIDC-IDRI-0018,1,2.5,2,train,-1,-1,-1
17,1,LIDC-IDRI-0018,1,3.67,4,train,-1,-1,-1
17,2,LIDC-IDRI-0018,1,2.67,2,train,-1,-1,-1
17,3,LIDC-IDRI-0018,2,5.0,6,train,-1,-1,-1
19,0,LIDC-IDRI-0020,1,3.0,6,train,0,2,2
19,1,LIDC-IDRI-0020,1,2.5,7,train,0,2,2
20,0,LIDC-IDRI-0021,0,2.0,5,val,-1,-1,-1
23,0,LIDC-IDRI-0024,1,2.67,2,val,0,2,2
23,1,LIDC-IDRI-0024,1,3.0,5,val,0,2,2
23,2,LIDC-IDRI-0024,1,2.5,3,val,0,2,2
23,3,LIDC-IDRI-0024,0,1.5,2,val,0,2,2
25,0,LIDC-IDRI-0026,0,1.5,2,test,0,2,2
26,0,LIDC-IDRI-0027,1,2.5,3,train,0,2,2
26,1,LIDC-IDRI-0027,1,2.5,3,train,0,2,2
26,2,LIDC-IDRI-0027,1,3.0,2,train,0,2,2
26,3,LIDC-IDRI-0027,1,2.67,4,train,0,2,2
26,4,LIDC-IDRI-0027,1,3.0,2,train,0,2,2
26,5,LIDC-IDRI-0027,1,2.5,5,train,0,2,2
29,0,LIDC-IDRI-0030,1,2.5,3,train,-1,-1,-1
30,0,LIDC-IDRI-0031,2,4.0,3,train,-1,-1,-1
30,1,LIDC-IDRI-0031,2,4.5,8,train,-1,-1,-1
30,2,LIDC-IDRI-0031,1,2.67,3,train,-1,-1,-1
32,0,LIDC-IDRI-0033,1,3.0,3,train,-1,-1,-1
33,0,LIDC-IDRI-0034,0,2.0,4,val,-1,-1,-1
35,0,LIDC-IDRI-0036,1,3.5,6,train,-1,-1,-1
36,0,LIDC-IDRI-0037,2,4.0,6,val,2,2,2
38,0,LIDC-IDRI-0039,0,1.5,5,test,0,2,2
38,1,LIDC-IDRI-0039,0,1.0,3,test,0,2,2
38,2,LIDC-IDRI-0039,1,3.0,6,test,0,2,2
38,3,LIDC-IDRI-0039,0,1.0,3,test,0,2,2
38,4,LIDC-IDRI-0039,0,2.0,3,test,0,2,2
39,0,LIDC-IDRI-0040,1,3.0,2,train,-1,-1,-1
40,0,LIDC-IDRI-0041,2,4.5,6,train,-1,-1,-1
40,1,LIDC-IDRI-0041,0,1.0,3,train,-1,-1,-1
41,0,LIDC-IDRI-0042,1,3.2,2,train,0,2,2
41,1,LIDC-IDRI-0042,1,2.67,3,train,0,2,2
41,2,LIDC-IDRI-0042,1,2.5,2,train,0,2,2
41,3,LIDC-IDRI-0042,1,3.0,3,train,0,2,2
41,4,LIDC-IDRI-0042,1,2.5,1,train,0,2,2
41,5,LIDC-IDRI-0042,1,3.0,2,train,0,2,2
42,0,LIDC-IDRI-0043,1,3.0,3,train,0,2,2
42,1,LIDC-IDRI-0043,2,5.0,6,train,0,2,2
42,2,LIDC-IDRI-0043,2,4.0,7,train,0,2,2
43,0,LIDC-IDRI-0044,2,4.0,11,val,0,2,2
43,1,LIDC-IDRI-0044,0,1.67,5,val,0,2,2
43,2,LIDC-IDRI-0044,1,2.67,5,val,0,2,2
44,0,LIDC-IDRI-0045,1,3.5,3,test,0,2,2
44,1,LIDC-IDRI-0045,2,4.0,3,test,0,2,2
44,2,LIDC-IDRI-0045,1,3.25,3,test,0,2,2
44,3,LIDC-IDRI-0045,0,1.5,3,test,0,2,2
44,4,LIDC-IDRI-0045,2,4.33,7,test,0,2,2
44,5,LIDC-IDRI-0045,0,2.0,5,test,0,2,2
44,6,LIDC-IDRI-0045,1,3.5,4,test,0,2,2
44,7,LIDC-IDRI-0045,1,3.5,3,test,0,2,2
44,8,LIDC-IDRI-0045,1,3.5,5,test,0,2,2
44,9,LIDC-IDRI-0045,1,3.0,3,test,0,2,2
45,0,LIDC-IDRI-0046,1,2.5,3,train,0,2,2
45,1,LIDC-IDRI-0046,1,2.67,2,train,0,2,2
45,2,LIDC-IDRI-0046,1,2.33,2,train,0,2,2
45,3,LIDC-IDRI-0046,1,2.67,3,train,0,2,2
45,4,LIDC-IDRI-0046,1,2.5,3,train,0,2,2
46,0,LIDC-IDRI-0047,2,4.5,4,test,-1,-1,-1
47,0,LIDC-IDRI-0048,1,2.5,3,train,0,2,2
48,0,LIDC-IDRI-0049,0,2.0,2,train,-1,-1,-1
48,1,LIDC-IDRI-0049,1,2.75,2,train,-1,-1,-1
48,2,LIDC-IDRI-0049,1,3.5,2,train,-1,-1,-1
48,3,LIDC-IDRI-0049,1,2.25,2,train,-1,-1,-1
48,4,LIDC-IDRI-0049,0,2.0,2,train,-1,-1,-1
48,5,LIDC-IDRI-0049,1,2.5,2,train,-1,-1,-1
48,6,LIDC-IDRI-0049,0,1.67,2,train,-1,-1,-1
48,7,LIDC-IDRI-0049,0,2.0,3,train,-1,-1,-1
48,8,LIDC-IDRI-0049,1,2.33,4,train,-1,-1,-1
48,9,LIDC-IDRI-0049,1,3.5,3,train,-1,-1,-1
49,0,LIDC-IDRI-0050,2,4.0,9,train,-1,-1,-1
50,0,LIDC-IDRI-0051,2,4.33,5,train,-1,-1,-1
50,1,LIDC-IDRI-0051,1,3.0,6,train,-1,-1,-1
51,0,LIDC-IDRI-0052,1,2.5,8,train,2,2,2
52,0,LIDC-IDRI-0053,2,4.0,9,test,0,2,2
52,1,LIDC-IDRI-0053,1,3.5,3,test,0,2,2
52,2,LIDC-IDRI-0053,1,3.0,4,test,0,2,2
53,0,LIDC-IDRI-0054,2,4.5,6,train,0,2,2
53,1,LIDC-IDRI-0054,1,3.5,7,train,0,2,2
54,0,LIDC-IDRI-0055,1,2.5,2,train,-1,-1,-1
54,1,LIDC-IDRI-0055,1,3.5,3,train,-1,-1,-1
54,2,LIDC-IDRI-0055,2,4.0,4,train,-1,-1,-1
55,0,LIDC-IDRI-0056,1,3.33,8,test,-1,-1,-1
55,1,LIDC-IDRI-0056,1,2.33,3,test,-1,-1,-1
55,2,LIDC-IDRI-0056,1,2.5,2,test,-1,-1,-1
56,0,LIDC-IDRI-0057,2,5.0,22,train,2,1,2
57,0,LIDC-IDRI-0058,1,3.67,8,train,-1,-1,-1
58,0,LIDC-IDRI-0059,2,4.25,4,test,1,2,2
59,0,LIDC-IDRI-0060,2,4.0,5,test,-1,-1,-1
60,0,LIDC-IDRI-0061,2,4.5,5,train,-1,-1,-1
60,1,LIDC-IDRI-0061,1,2.75,4,train,-1,-1,-1
60,2,LIDC-IDRI-0061,1,2.5,3,train,-1,-1,-1
60,3,LIDC-IDRI-0061,1,3.0,1,train,-1,-1,-1
60,4,LIDC-IDRI-0061,1,3.5,6,train,-1,-1,-1
60,5,LIDC-IDRI-0061,1,3.5,15,train,-1,-1,-1
62,0,LIDC-IDRI-0063,1,3.5,4,train,-1,-1,-1
62,1,LIDC-IDRI-0063,2,4.5,6,train,-1,-1,-1
62,2,LIDC-IDRI-0063,1,2.67,3,train,-1,-1,-1
63,0,LIDC-IDRI-0064,1,3.0,10,train,0,2,2
63,1,LIDC-IDRI-0064,2,4.0,9,train,0,2,2
64,0,LIDC-IDRI-0065,1,3.0,2,train,0,2,2
65,0,LIDC-IDRI-0066,1,3.5,11,train,2,2,2
65,1,LIDC-IDRI-0066,1,3.5,4,train,2,2,2
66,0,LIDC-IDRI-0067,1,2.67,4,train,0,2,2
66,1,LIDC-IDRI-0067,1,3.0,5,train,0,2,2
66,2,LIDC-IDRI-0067,0,2.0,3,train,0,2,2
66,3,LIDC-IDRI-0067,2,4.0,9,train,0,2,2
67,0,LIDC-IDRI-0068,1,3.0,6,train,-1,-1,-1
67,1,LIDC-IDRI-0068,1,2.5,5,train,-1,-1,-1
67,2,LIDC-IDRI-0068,2,4.33,8,train,-1,-1,-1
67,3,LIDC-IDRI-0068,1,2.5,3,train,-1,-1,-1
67,4,LIDC-IDRI-0068,2,4.0,6,train,-1,-1,-1
67,5,LIDC-IDRI-0068,2,4.5,7,train,-1,-1,-1
67,6,LIDC-IDRI-0068,1,3.0,5,train,-1,-1,-1
67,7,LIDC-IDRI-0068,1,3.0,4,train,-1,-1,-1
68,0,LIDC-IDRI-0070,1,2.67,2,train,0,2,2
68,1,LIDC-IDRI-0070,1,2.5,2,train,0,2,2
68,2,LIDC-IDRI-0070,0,1.5,1,train,0,2,2
71,0,LIDC-IDRI-0073,1,3.0,2,test,0,2,2
71,1,LIDC-IDRI-0073,1,3.67,5,test,0,2,2
72,0,LIDC-IDRI-0074,1,3.5,6,test,2,2,2
73,0,LIDC-IDRI-0075,1,3.0,6,val,2,2,1
74,0,LIDC-IDRI-0076,1,2.5,6,train,-1,-1,-1
74,1,LIDC-IDRI-0076,1,3.33,6,train,-1,-1,-1
75,0,LIDC-IDRI-0077,2,4.25,10,train,0,2,2
76,0,LIDC-IDRI-0080,2,5.0,16,test,-1,-1,-1
77,0,LIDC-IDRI-0081,1,3.0,9,train,0,2,2
77,1,LIDC-IDRI-0081,1,3.67,4,train,0,2,2
79,0,LIDC-IDRI-0083,1,2.67,3,train,-1,-1,-1
79,1,LIDC-IDRI-0083,1,2.5,4,train,-1,-1,-1
80,0,LIDC-IDRI-0085,0,2.0,2,test,-1,-1,-1
82,0,LIDC-IDRI-0087,2,4.5,8,train,2,2,2
83,0,LIDC-IDRI-0088,1,3.33,3,train,-1,-1,-1
83,1,LIDC-IDRI-0088,0,1.5,4,train,-1,-1,-1
84,0,LIDC-IDRI-0089,2,4.33,10,val,2,2,2
85,0,LIDC-IDRI-0090,1,2.67,3,train,-1,-1,-1
86,0,LIDC-IDRI-0091,1,3.0,5,train,-1,-1,-1
87,0,LIDC-IDRI-0092,0,1.0,3,train,0,2,2
88,0,LIDC-IDRI-0093,1,3.5,3,train,0,2,2
90,0,LIDC-IDRI-0095,1,3.67,17,train,0,2,2
90,1,LIDC-IDRI-0095,2,4.5,8,train,0,2,2
91,0,LIDC-IDRI-0096,1,3.0,3,val,-1,-1,-1
92,0,LIDC-IDRI-0097,1,2.5,5,test,-1,-1,-1
93,0,LIDC-IDRI-0099,0,1.5,5,train,0,2,2
93,1,LIDC-IDRI-0099,1,3.0,5,train,0,2,2
95,0,LIDC-IDRI-0102,1,2.5,2,test,-1,-1,-1
96,0,LIDC-IDRI-0104,1,3.33,5,val,0,2,2
97,0,LIDC-IDRI-0105,1,2.5,2,test,0,2,2
98,0,LIDC-IDRI-0107,1,2.5,4,test,0,2,2
99,0,LIDC-IDRI-0108,2,4.67,7,train,1,2,2
100,0,LIDC-IDRI-0109,1,3.33,9,train,-1,-1,-1
101,0,LIDC-IDRI-0110,1,2.5,2,train,0,2,2
101,1,LIDC-IDRI-0110,1,3.5,2,train,0,2,2
102,0,LIDC-IDRI-0111,1,3.0,2,test,2,2,2
102,1,LIDC-IDRI-0111,2,4.33,7,test,2,2,2
102,2,LIDC-IDRI-0111,1,3.33,3,test,2,2,2
103,0,LIDC-IDRI-0112,1,3.0,4,train,-1,-1,-1
104,0,LIDC-IDRI-0113,1,2.5,3,test,-1,-1,-1
105,0,LIDC-IDRI-0114,2,4.0,6,train,-1,-1,-1
105,1,LIDC-IDRI-0114,1,3.0,8,train,-1,-1,-1
106,0,LIDC-IDRI-0116,2,4.75,7,train,2,2,2
107,0,LIDC-IDRI-0118,0,1.0,4,train,0,2,2
107,1,LIDC-IDRI-0118,0,1.33,4,train,0,2,2
107,2,LIDC-IDRI-0118,0,1.0,4,train,0,2,2
108,0,LIDC-IDRI-0121,2,4.0,12,train,0,2,2
108,1,LIDC-IDRI-0121,1,3.0,5,train,0,2,2
108,2,LIDC-IDRI-0121,1,3.5,6,train,0,2,2
109,0,LIDC-IDRI-0122,1,2.75,3,train,0,2,2
110,0,LIDC-IDRI-0123,1,2.5,5,val,-1,-1,-1
111,0,LIDC-IDRI-0124,1,2.5,2,train,0,2,2
111,1,LIDC-IDRI-0124,1,2.5,4,train,0,2,2
111,2,LIDC-IDRI-0124,1,2.5,2,train,0,2,2
111,3,LIDC-IDRI-0124,1,2.5,3,train,0,2,2
111,4,LIDC-IDRI-0124,1,2.5,3,train,0,2,2
111,5,LIDC-IDRI-0124,0,2.0,2,train,0,2,2
111,6,LIDC-IDRI-0124,1,3.5,2,train,0,2,2
111,7,LIDC-IDRI-0124,1,3.33,3,train,0,2,2
111,8,LIDC-IDRI-0124,1,2.5,1,train,0,2,2
111,9,LIDC-IDRI-0124,1,2.5,3,train,0,2,2
112,0,LIDC-IDRI-0125,1,2.5,4,train,-1,-1,-1
112,1,LIDC-IDRI-0125,0,2.0,3,train,-1,-1,-1
113,0,LIDC-IDRI-0126,1,2.25,3,test,-1,-1,-1
114,0,LIDC-IDRI-0128,1,3.0,4,test,-1,-1,-1
115,0,LIDC-IDRI-0129,1,3.0,10,train,0,2,2
115,1,LIDC-IDRI-0129,1,2.75,6,train,0,2,2
115,2,LIDC-IDRI-0129,1,2.67,6,train,0,2,2
115,3,LIDC-IDRI-0129,1,2.67,4,train,0,2,2
115,4,LIDC-IDRI-0129,1,2.67,4,train,0,2,2
115,5,LIDC-IDRI-0129,1,2.5,3,train,0,2,2
115,6,LIDC-IDRI-0129,1,3.5,2,train,0,2,2
115,7,LIDC-IDRI-0129,1,2.5,6,train,0,2,2
115,8,LIDC-IDRI-0129,2,4.0,9,train,0,2,2
115,9,LIDC-IDRI-0129,1,2.5,3,train,0,2,2
115,10,LIDC-IDRI-0129,1,3.67,5,train,0,2,2
115,11,LIDC-IDRI-0129,2,4.5,9,train,0,2,2
115,12,LIDC-IDRI-0129,0,2.0,3,train,0,2,2
115,13,LIDC-IDRI-0129,1,3.0,5,train,0,2,2
116,0,LIDC-IDRI-0131,2,4.0,3,train,0,2,0
117,0,LIDC-IDRI-0132,1,2.5,9,train,0,2,2
117,1,LIDC-IDRI-0132,2,4.33,4,train,0,2,2
118,0,LIDC-IDRI-0133,1,3.0,13,train,-1,-1,-1
119,0,LIDC-IDRI-0135,1,2.5,2,train,-1,-1,-1
119,1,LIDC-IDRI-0135,1,2.67,3,train,-1,-1,-1
119,2,LIDC-IDRI-0135,1,2.5,2,train,-1,-1,-1
119,3,LIDC-IDRI-0135,1,3.33,3,train,-1,-1,-1
119,4,LIDC-IDRI-0135,0,2.0,3,train,-1,-1,-1
119,5,LIDC-IDRI-0135,1,2.5,2,train,-1,-1,-1
120,0,LIDC-IDRI-0137,1,3.5,4,train,-1,-1,-1
120,1,LIDC-IDRI-0137,0,1.0,2,train,-1,-1,-1
122,0,LIDC-IDRI-0139,1,3.5,8,val,2,2,2
122,1,LIDC-IDRI-0139,2,4.0,9,val,2,2,2
123,0,LIDC-IDRI-0141,0,2.0,5,train,0,2,2
123,1,LIDC-IDRI-0141,1,2.5,7,train,0,2,2
123,2,LIDC-IDRI-0141,0,2.0,4,train,0,2,2
123,3,LIDC-IDRI-0141,1,3.0,5,train,0,2,2
126,0,LIDC-IDRI-0144,0,1.5,2,train,0,2,2
126,1,LIDC-IDRI-0144,0,1.5,3,train,0,2,2
126,2,LIDC-IDRI-0144,1,3.5,4,train,0,2,2
126,3,LIDC-IDRI-0144,0,2.0,3,train,0,2,2
126,4,LIDC-IDRI-0144,0,2.0,3,train,0,2,2
127,0,LIDC-IDRI-0145,1,3.5,4,val,2,2,2
128,0,LIDC-IDRI-0146,1,3.0,15,train,0,2,2
129,0,LIDC-IDRI-0148,1,3.5,6,train,-1,-1,-1
129,1,LIDC-IDRI-0148,2,4.5,6,train,-1,-1,-1
129,2,LIDC-IDRI-0148,2,4.75,5,train,-1,-1,-1
130,0,LIDC-IDRI-0149,1,2.25,3,train,-1,-1,-1
130,1,LIDC-IDRI-0149,1,2.67,2,train,-1,-1,-1
130,2,LIDC-IDRI-0149,1,3.0,2,train,-1,-1,-1
131,0,LIDC-IDRI-0151,1,3.75,4,test,2,2,2
132,0,LIDC-IDRI-0152,1,2.75,4,test,-1,-1,-1
133,0,LIDC-IDRI-0153,1,3.5,6,val,0,2,2
133,1,LIDC-IDRI-0153,2,4.0,6,val,0,2,2
135,0,LIDC-IDRI-0156,2,4.0,4,train,0,2,2
137,0,LIDC-IDRI-0158,1,3.0,6,train,0,2,2
137,1,LIDC-IDRI-0158,1,2.5,9,train,0,2,2
138,0,LIDC-IDRI-0159,1,3.0,6,val,-1,-1,-1
138,1,LIDC-IDRI-0159,1,3.5,5,val,-1,-1,-1
139,0,LIDC-IDRI-0160,1,3.0,5,val,-1,-1,-1
139,1,LIDC-IDRI-0160,0,1.0,4,val,-1,-1,-1
139,2,LIDC-IDRI-0160,1,3.0,3,val,-1,-1,-1
139,3,LIDC-IDRI-0160,1,3.67,3,val,-1,-1,-1
140,0,LIDC-IDRI-0161,1,3.0,4,train,-1,-1,-1
140,1,LIDC-IDRI-0161,1,3.5,5,train,-1,-1,-1
141,0,LIDC-IDRI-0162,1,2.33,4,val,-1,-1,-1
142,0,LIDC-IDRI-0163,2,4.0,9,train,-1,-1,-1
143,0,LIDC-IDRI-0164,1,2.5,6,val,-1,-1,-1
143,1,LIDC-IDRI-0164,1,2.67,5,val,-1,-1,-1
143,2,LIDC-IDRI-0164,2,4.0,9,val,-1,-1,-1
143,3,LIDC-IDRI-0164,1,3.67,6,val,-1,-1,-1
143,4,LIDC-IDRI-0164,1,2.67,5,val,-1,-1,-1
143,5,LIDC-IDRI-0164,1,3.0,4,val,-1,-1,-1
143,6,LIDC-IDRI-0164,1,3.33,6,val,-1,-1,-1
143,7,LIDC-IDRI-0164,1,3.67,7,val,-1,-1,-1
143,8,LIDC-IDRI-0164,1,3.5,5,val,-1,-1,-1
146,0,LIDC-IDRI-0167,0,2.0,2,train,-1,-1,-1
146,1,LIDC-IDRI-0167,1,3.0,3,train,-1,-1,-1
146,2,LIDC-IDRI-0167,0,1.0,2,train,-1,-1,-1
147,0,LIDC-IDRI-0168,0,1.33,4,train,-1,-1,-1
148,0,LIDC-IDRI-0169,1,3.0,3,train,-1,-1,-1
148,1,LIDC-IDRI-0169,2,4.5,6,train,-1,-1,-1
148,2,LIDC-IDRI-0169,1,2.5,5,train,-1,-1,-1
149,0,LIDC-IDRI-0170,2,4.0,14,train,-1,-1,-1
150,0,LIDC-IDRI-0171,1,2.33,3,train,-1,-1,-1
150,1,LIDC-IDRI-0171,1,3.0,2,train,-1,-1,-1
150,2,LIDC-IDRI-0171,1,2.33,2,train,-1,-1,-1
150,3,LIDC-IDRI-0171,2,4.0,6,train,-1,-1,-1
151,0,LIDC-IDRI-0172,2,4.0,8,test,-1,-1,-1
154,0,LIDC-IDRI-0175,1,2.67,4,train,-1,-1,-1
155,0,LIDC-IDRI-0176,0,2.0,2,test,-1,-1,-1
156,0,LIDC-IDRI-0177,1,3.0,4,train,-1,-1,-1
156,1,LIDC-IDRI-0177,1,3.0,3,train,-1,-1,-1
158,0,LIDC-IDRI-0179,1,3.0,6,train,-1,-1,-1
158,1,LIDC-IDRI-0179,1,2.5,3,train,-1,-1,-1
158,2,LIDC-IDRI-0179,1,2.67,3,train,-1,-1,-1
158,3,LIDC-IDRI-0179,2,4.0,5,train,-1,-1,-1
158,4,LIDC-IDRI-0179,1,3.0,2,train,-1,-1,-1
160,0,LIDC-IDRI-0181,1,2.33,5,train,0,2,2
160,1,LIDC-IDRI-0181,1,3.0,4,train,0,2,2
160,2,LIDC-IDRI-0181,1,3.0,6,train,0,2,2
160,3,LIDC-IDRI-0181,0,2.0,6,train,0,2,2
160,4,LIDC-IDRI-0181,2,4.5,6,train,0,2,2
161,0,LIDC-IDRI-0182,1,2.33,4,train,-1,-1,-1
161,1,LIDC-IDRI-0182,0,2.0,2,train,-1,-1,-1
162,0,LIDC-IDRI-0183,1,2.5,5,train,-1,-1,-1
162,1,LIDC-IDRI-0183,2,4.0,10,train,-1,-1,-1
162,2,LIDC-IDRI-0183,2,4.5,9,train,-1,-1,-1
163,0,LIDC-IDRI-0184,1,2.33,3,val,-1,-1,-1
164,0,LIDC-IDRI-0185,0,1.67,2,train,-1,-1,-1
164,1,LIDC-IDRI-0185,0,2.0,3,train,-1,-1,-1
164,2,LIDC-IDRI-0185,1,2.5,3,train,-1,-1,-1
164,3,LIDC-IDRI-0185,1,2.5,2,train,-1,-1,-1
164,4,LIDC-IDRI-0185,1,3.0,4,train,-1,-1,-1
164,5,LIDC-IDRI-0185,0,1.0,4,train,-1,-1,-1
165,0,LIDC-IDRI-0186,2,5.0,4,train,-1,-1,-1
165,1,LIDC-IDRI-0186,1,3.0,9,train,-1,-1,-1
165,2,LIDC-IDRI-0186,0,1.0,2,train,-1,-1,-1
166,0,LIDC-IDRI-0187,2,4.25,8,train,-1,-1,-1
166,1,LIDC-IDRI-0187,1,2.5,2,train,-1,-1,-1
167,0,LIDC-IDRI-0188,1,2.5,3,train,0,2,2
167,1,LIDC-IDRI-0188,1,3.33,3,train,0,2,2
167,2,LIDC-IDRI-0188,1,2.5,2,train,0,2,2
167,3,LIDC-IDRI-0188,2,4.33,9,train,0,2,2
167,4,LIDC-IDRI-0188,1,2.67,2,train,0,2,2
169,0,LIDC-IDRI-0190,1,3.5,7,val,-1,-1,-1
169,1,LIDC-IDRI-0190,2,5.0,10,val,-1,-1,-1
171,0,LIDC-IDRI-0192,1,2.67,6,train,-1,-1,-1
171,1,LIDC-IDRI-0192,1,3.0,4,train,-1,-1,-1
171,2,LIDC-IDRI-0192,1,3.33,4,train,-1,-1,-1
172,0,LIDC-IDRI-0193,1,2.25,3,train,-1,-1,-1
173,0,LIDC-IDRI-0194,2,4.5,5,test,-1,-1,-1
173,1,LIDC-IDRI-0194,2,4.67,5,test,-1,-1,-1
174,0,LIDC-IDRI-0195,2,4.0,4,val,-1,-1,-1
174,1,LIDC-IDRI-0195,2,4.0,6,val,-1,-1,-1
174,2,LIDC-IDRI-0195,2,4.67,7,val,-1,-1,-1
174,3,LIDC-IDRI-0195,2,4.33,4,val,-1,-1,-1
174,4,LIDC-IDRI-0195,2,4.0,6,val,-1,-1,-1
174,5,LIDC-IDRI-0195,1,3.5,8,val,-1,-1,-1
175,0,LIDC-IDRI-0196,2,4.5,5,train,-1,-1,-1
178,0,LIDC-IDRI-0199,1,3.0,12,train,-1,-1,-1
178,1,LIDC-IDRI-0199,0,1.5,3,train,-1,-1,-1
181,0,LIDC-IDRI-0202,1,3.0,2,train,-1,-1,-1
182,0,LIDC-IDRI-0203,0,1.0,3,val,2,2,2
182,1,LIDC-IDRI-0203,2,4.5,10,val,2,2,2
185,0,LIDC-IDRI-0206,2,4.0,8,train,0,2,2
185,1,LIDC-IDRI-0206,0,2.0,4,train,0,2,2
185,2,LIDC-IDRI-0206,1,3.0,5,train,0,2,2
186,0,LIDC-IDRI-0207,1,3.0,5,train,-1,-1,-1
187,0,LIDC-IDRI-0208,1,3.5,3,test,-1,-1,-1
187,1,LIDC-IDRI-0208,1,2.75,3,test,-1,-1,-1
187,2,LIDC-IDRI-0208,1,3.0,2,test,-1,-1,-1
188,0,LIDC-IDRI-0209,1,3.67,8,train,-1,-1,-1
189,0,LIDC-IDRI-0210,1,3.25,3,train,-1,-1,-1
191,0,LIDC-IDRI-0212,0,1.0,2,train,-1,-1,-1
192,0,LIDC-IDRI-0213,0,1.33,4,train,-1,-1,-1
194,0,LIDC-IDRI-0215,0,1.0,4,train,-1,-1,-1
194,1,LIDC-IDRI-0215,1,3.0,3,train,-1,-1,-1
194,2,LIDC-IDRI-0215,1,2.5,2,train,-1,-1,-1
194,3,LIDC-IDRI-0215,1,2.5,2,train,-1,-1,-1
195,0,LIDC-IDRI-0216,1,2.5,3,train,-1,-1,-1
196,0,LIDC-IDRI-0217,1,3.5,5,val,-1,-1,-1
196,1,LIDC-IDRI-0217,1,3.5,4,val,-1,-1,-1
196,2,LIDC-IDRI-0217,2,4.5,5,val,-1,-1,-1
197,0,LIDC-IDRI-0219,1,3.75,4,train,-1,-1,-1
198,0,LIDC-IDRI-0220,1,2.5,6,test,-1,-1,-1
198,1,LIDC-IDRI-0220,1,3.0,7,test,-1,-1,-1
198,2,LIDC-IDRI-0220,2,4.0,7,test,-1,-1,-1
198,3,LIDC-IDRI-0220,2,4.5,10,test,-1,-1,-1
199,0,LIDC-IDRI-0221,2,5.0,8,val,-1,-1,-1
200,0,LIDC-IDRI-0222,0,1.75,3,train,0,2,2
201,0,LIDC-IDRI-0223,2,5.0,16,train,-1,-1,-1
201,1,LIDC-IDRI-0223,2,4.0,12,train,-1,-1,-1
205,0,LIDC-IDRI-0227,1,3.0,3,train,-1,-1,-1
205,1,LIDC-IDRI-0227,1,3.5,4,train,-1,-1,-1
206,0,LIDC-IDRI-0228,1,3.67,5,train,-1,-1,-1
207,0,LIDC-IDRI-0229,2,4.0,6,test,-1,-1,-1
207,1,LIDC-IDRI-0229,1,3.0,1,test,-1,-1,-1
207,2,LIDC-IDRI-0229,2,4.25,4,test,-1,-1,-1
207,3,LIDC-IDRI-0229,2,4.5,8,test,-1,-1,-1
207,4,LIDC-IDRI-0229,1,2.33,1,test,-1,-1,-1
207,5,LIDC-IDRI-0229,2,4.0,3,test,-1,-1,-1
207,6,LIDC-IDRI-0229,2,4.0,4,test,-1,-1,-1
208,0,LIDC-IDRI-0230,1,3.0,1,train,-1,-1,-1
208,1,LIDC-IDRI-0230,1,3.0,2,train,-1,-1,-1
211,0,LIDC-IDRI-0233,1,3.0,2,test,-1,-1,-1
211,1,LIDC-IDRI-0233,1,2.67,2,test,-1,-1,-1
212,0,LIDC-IDRI-0234,1,3.0,3,train,-1,-1,-1
213,0,LIDC-IDRI-0235,0,2.0,4,train,-1,-1,-1
214,0,LIDC-IDRI-0236,1,2.5,4,test,-1,-1,-1
214,1,LIDC-IDRI-0236,1,3.0,3,test,-1,-1,-1
215,0,LIDC-IDRI-0237,1,3.33,4,train,-1,-1,-1
215,1,LIDC-IDRI-0237,1,2.5,3,train,-1,-1,-1
215,2,LIDC-IDRI-0237,1,3.0,3,train,-1,-1,-1
217,0,LIDC-IDRI-0240,1,3.33,4,train,-1,-1,-1
217,1,LIDC-IDRI-0240,2,4.0,6,train,-1,-1,-1
218,0,LIDC-IDRI-0241,1,2.67,3,train,-1,-1,-1
218,1,LIDC-IDRI-0241,1,2.33,2,train,-1,-1,-1
218,2,LIDC-IDRI-0241,1,2.33,2,train,-1,-1,-1
219,0,LIDC-IDRI-0242,2,5.0,7,test,-1,-1,-1
221,0,LIDC-IDRI-0244,1,3.5,6,test,-1,-1,-1
221,1,LIDC-IDRI-0244,1,2.5,3,test,-1,-1,-1
221,2,LIDC-IDRI-0244,0,1.0,2,test,-1,-1,-1
222,0,LIDC-IDRI-0245,1,2.67,2,train,-1,-1,-1
223,0,LIDC-IDRI-0246,1,2.5,3,train,0,2,2
224,0,LIDC-IDRI-0247,1,3.0,1,train,-1,-1,-1
225,0,LIDC-IDRI-0248,0,1.33,2,val,-1,-1,-1
226,0,LIDC-IDRI-0249,1,3.0,6,train,-1,-1,-1
227,0,LIDC-IDRI-0250,1,3.75,5,train,-1,-1,-1
227,1,LIDC-IDRI-0250,2,4.67,4,train,-1,-1,-1
228,0,LIDC-IDRI-0251,1,2.5,3,train,-1,-1,-1
231,0,LIDC-IDRI-0254,1,2.25,3,train,-1,-1,-1
231,1,LIDC-IDRI-0254,1,3.0,1,train,-1,-1,-1
231,2,LIDC-IDRI-0254,1,2.5,2,train,-1,-1,-1
232,0,LIDC-IDRI-0255,1,2.5,2,test,-1,-1,-1
232,1,LIDC-IDRI-0255,1,2.5,2,test,-1,-1,-1
232,2,LIDC-IDRI-0255,1,2.5,3,test,-1,-1,-1
233,0,LIDC-IDRI-0256,0,1.33,3,train,-1,-1,-1
234,0,LIDC-IDRI-0257,1,3.5,5,train,-1,-1,-1
235,0,LIDC-IDRI-0258,1,2.75,3,train,-1,-1,-1
235,1,LIDC-IDRI-0258,1,3.0,3,train,-1,-1,-1
236,0,LIDC-IDRI-0259,1,3.5,6,train,-1,-1,-1
237,0,LIDC-IDRI-0260,1,3.67,6,train,-1,-1,-1
237,1,LIDC-IDRI-0260,2,4.0,5,train,-1,-1,-1
237,2,LIDC-IDRI-0260,2,4.0,4,train,-1,-1,-1
239,0,LIDC-IDRI-0263,0,1.75,2,train,-1,-1,-1
240,0,LIDC-IDRI-0264,2,4.0,12,train,-1,-1,-1
240,1,LIDC-IDRI-0264,1,3.33,7,train,-1,-1,-1
241,0,LIDC-IDRI-0265,2,4.0,9,train,-1,-1,-1
243,0,LIDC-IDRI-0267,0,1.0,3,train,-1,-1,-1
245,0,LIDC-IDRI-0269,1,3.0,3,test,-1,-1,-1
246,0,LIDC-IDRI-0270,0,2.0,2,val,-1,-1,-1
247,0,LIDC-IDRI-0271,1,2.25,2,train,-1,-1,-1
248,0,LIDC-IDRI-0272,1,2.25,2,train,0,2,2
249,0,LIDC-IDRI-0273,1,2.33,3,train,-1,-1,-1
249,1,LIDC-IDRI-0273,1,3.0,1,train,-1,-1,-1
250,0,LIDC-IDRI-0274,1,3.0,5,train,-1,-1,-1
252,0,LIDC-IDRI-0276,2,4.0,3,val,-1,-1,-1
253,0,LIDC-IDRI-0277,1,3.67,4,train,-1,-1,-1
254,0,LIDC-IDRI-0278,1,3.0,4,train,-1,-1,-1
254,1,LIDC-IDRI-0278,1,3.0,3,train,-1,-1,-1
257,0,LIDC-IDRI-0281,0,1.5,3,train,-1,-1,-1
258,0,LIDC-IDRI-0282,1,2.75,3,test,-1,-1,-1
258,1,LIDC-IDRI-0282,1,2.67,2,test,-1,-1,-1
259,0,LIDC-IDRI-0283,1,3.0,3,train,0,2,2
260,0,LIDC-IDRI-0284,0,1.0,3,train,-1,-1,-1
260,1,LIDC-IDRI-0284,1,2.67,3,train,-1,-1,-1
261,0,LIDC-IDRI-0285,1,2.5,3,train,0,2,2
262,0,LIDC-IDRI-0286,1,2.5,4,train,-1,-1,-1
262,1,LIDC-IDRI-0286,0,1.33,3,train,-1,-1,-1
262,2,LIDC-IDRI-0286,1,2.5,3,train,-1,-1,-1
263,0,LIDC-IDRI-0287,0,2.0,2,train,0,2,2
264,0,LIDC-IDRI-0288,1,2.5,2,train,-1,-1,-1
264,1,LIDC-IDRI-0288,1,3.0,3,train,-1,-1,-1
265,0,LIDC-IDRI-0289,1,3.0,9,test,-1,-1,-1
265,1,LIDC-IDRI-0289,1,2.33,1,test,-1,-1,-1
267,0,LIDC-IDRI-0291,0,2.0,5,train,0,2,2
268,0,LIDC-IDRI-0292,1,3.0,11,train,0,2,2
270,0,LIDC-IDRI-0294,1,3.67,9,train,0,2,2
271,0,LIDC-IDRI-0296,1,3.33,5,train,0,2,2
272,0,LIDC-IDRI-0297,0,2.0,7,train,0,2,2
273,0,LIDC-IDRI-0298,1,2.5,7,train,0,2,2
273,1,LIDC-IDRI-0298,1,2.5,8,train,0,2,2
273,2,LIDC-IDRI-0298,1,2.5,6,train,0,2,2
273,3,LIDC-IDRI-0298,1,2.5,7,train,0,2,2
274,0,LIDC-IDRI-0299,1,3.0,6,train,0,2,2
274,1,LIDC-IDRI-0299,2,4.0,7,train,0,2,2
275,0,LIDC-IDRI-0300,0,2.0,4,train,0,2,2
275,1,LIDC-IDRI-0300,2,4.0,11,train,0,2,2
275,2,LIDC-IDRI-0300,1,2.5,10,train,0,2,2
276,0,LIDC-IDRI-0301,0,1.5,10,train,0,2,2
278,0,LIDC-IDRI-0304,1,3.5,7,train,2,0,0
280,0,LIDC-IDRI-0308,1,2.5,11,val,0,2,2
281,0,LIDC-IDRI-0309,2,4.0,4,train,0,2,2
282,0,LIDC-IDRI-0310,1,3.0,4,train,2,2,2
283,0,LIDC-IDRI-0311,1,3.5,8,train,2,2,2
286,0,LIDC-IDRI-0315,1,2.75,3,test,0,2,2
286,1,LIDC-IDRI-0315,1,2.5,3,test,0,2,2
286,2,LIDC-IDRI-0315,1,2.33,1,test,0,2,2
286,3,LIDC-IDRI-0315,1,2.5,2,test,0,2,2
286,4,LIDC-IDRI-0315,1,3.33,3,test,0,2,2
287,0,LIDC-IDRI-0315,2,4.0,4,test,0,2,2
287,1,LIDC-IDRI-0315,1,2.5,3,test,0,2,2
287,2,LIDC-IDRI-0315,0,2.0,3,test,0,2,2
287,3,LIDC-IDRI-0315,1,3.5,2,test,0,2,2
287,4,LIDC-IDRI-0315,1,3.5,3,test,0,2,2
289,0,LIDC-IDRI-0317,0,2.0,2,val,0,2,2
294,0,LIDC-IDRI-0323,0,2.0,2,train,0,2,2
294,1,LIDC-IDRI-0323,1,2.67,2,train,0,2,2
294,2,LIDC-IDRI-0323,1,2.67,3,train,0,2,2
296,0,LIDC-IDRI-0325,2,4.5,27,test,2,2,2
299,0,LIDC-IDRI-0329,1,3.0,2,train,0,2,2
302,0,LIDC-IDRI-0332,2,5.0,13,train,2,2,2
302,1,LIDC-IDRI-0332,1,3.0,8,train,2,2,2
303,0,LIDC-IDRI-0332,2,4.0,10,train,2,2,2
303,1,LIDC-IDRI-0332,1,2.5,6,train,2,2,2
304,0,LIDC-IDRI-0334,1,2.5,2,train,2,2,2
304,1,LIDC-IDRI-0334,1,2.67,3,train,2,2,2
304,2,LIDC-IDRI-0334,1,3.0,4,train,2,2,2
304,3,LIDC-IDRI-0334,0,2.0,1,train,2,2,2
304,4,LIDC-IDRI-0334,2,4.0,3,train,2,2,2
304,5,LIDC-IDRI-0334,1,3.0,3,train,2,2,2
305,0,LIDC-IDRI-0335,1,2.67,4,train,0,2,2
305,1,LIDC-IDRI-0335,1,2.5,4,train,0,2,2
305,2,LIDC-IDRI-0335,0,2.0,5,train,0,2,2
307,0,LIDC-IDRI-0337,2,5.0,12,train,2,2,2
307,1,LIDC-IDRI-0337,2,4.5,5,train,2,2,2
309,0,LIDC-IDRI-0339,1,3.0,4,test,0,2,2
310,0,LIDC-IDRI-0340,1,2.5,14,test,2,2,2
312,0,LIDC-IDRI-0343,1,2.67,6,train,0,2,2
314,0,LIDC-IDRI-0345,1,2.67,4,train,0,2,2
314,1,LIDC-IDRI-0345,1,2.33,5,train,0,2,2
315,0,LIDC-IDRI-0346,0,1.0,3,test,0,2,2
315,1,LIDC-IDRI-0346,0,1.0,3,test,0,2,2
315,2,LIDC-IDRI-0346,1,3.0,2,test,0,2,2
315,3,LIDC-IDRI-0346,0,1.0,2,test,0,2,2
315,4,LIDC-IDRI-0346,1,3.0,5,test,0,2,2
316,0,LIDC-IDRI-0347,1,2.25,3,train,2,2,2
316,1,LIDC-IDRI-0347,1,3.0,4,train,2,2,2
316,2,LIDC-IDRI-0347,2,4.5,4,train,2,2,2
317,0,LIDC-IDRI-0348,1,3.67,8,val,2,2,2
319,0,LIDC-IDRI-0350,1,3.5,3,train,0,2,2
319,1,LIDC-IDRI-0350,1,3.0,4,train,0,2,2
320,0,LIDC-IDRI-0351,0,1.0,3,train,0,2,2
321,0,LIDC-IDRI-0352,1,3.0,5,val,0,1,0
322,0,LIDC-IDRI-0353,2,4.0,5,train,0,2,2
322,1,LIDC-IDRI-0353,0,1.0,3,train,0,2,2
322,2,LIDC-IDRI-0353,1,3.5,5,train,0,2,2
323,0,LIDC-IDRI-0354,0,1.0,3,train,0,2,2
326,0,LIDC-IDRI-0356,1,3.0,4,train,0,2,2
326,1,LIDC-IDRI-0356,1,3.0,2,train,0,2,2
326,2,LIDC-IDRI-0356,1,2.5,2,train,0,2,2
326,3,LIDC-IDRI-0356,1,3.0,2,train,0,2,2
326,4,LIDC-IDRI-0356,1,3.0,4,train,0,2,2
326,5,LIDC-IDRI-0356,1,3.0,3,train,0,2,2
326,6,LIDC-IDRI-0356,1,2.5,3,train,0,2,2
328,0,LIDC-IDRI-0358,1,3.5,3,train,0,2,2
329,0,LIDC-IDRI-0359,0,1.5,4,test,2,2,2
329,1,LIDC-IDRI-0359,1,3.5,2,test,2,2,2
330,0,LIDC-IDRI-0360,1,3.0,10,test,0,2,2
330,1,LIDC-IDRI-0360,1,2.5,12,test,0,2,2
332,0,LIDC-IDRI-0362,2,4.33,6,val,0,2,2
334,0,LIDC-IDRI-0365,2,4.5,3,train,0,2,2
335,0,LIDC-IDRI-0365,1,3.0,4,train,0,2,2
336,0,LIDC-IDRI-0366,1,3.0,3,train,2,2,2
336,1,LIDC-IDRI-0366,1,3.5,5,train,2,2,2
338,0,LIDC-IDRI-0368,1,3.0,5,train,0,2,2
338,1,LIDC-IDRI-0368,1,3.0,3,train,0,2,2
338,2,LIDC-IDRI-0368,2,4.0,8,train,0,2,2
338,3,LIDC-IDRI-0368,1,3.5,8,train,0,2,2
338,4,LIDC-IDRI-0368,0,1.0,3,train,0,2,2
338,5,LIDC-IDRI-0368,1,3.5,9,train,0,2,2
339,0,LIDC-IDRI-0369,1,2.33,4,train,0,2,2
343,0,LIDC-IDRI-0375,0,1.0,8,train,2,2,2
344,0,LIDC-IDRI-0376,1,3.0,13,train,0,2,2
345,0,LIDC-IDRI-0377,2,5.0,11,train,0,2,2
345,1,LIDC-IDRI-0377,1,3.5,4,train,0,2,2
347,0,LIDC-IDRI-0379,1,3.0,2,train,0,2,2
347,1,LIDC-IDRI-0379,0,1.0,2,train,0,2,2
347,2,LIDC-IDRI-0379,1,2.5,3,train,0,2,2
347,3,LIDC-IDRI-0379,1,3.0,5,train,0,2,2
347,4,LIDC-IDRI-0379,0,1.5,3,train,0,2,2
348,0,LIDC-IDRI-0380,1,2.75,3,train,2,1,2
348,1,LIDC-IDRI-0380,0,2.0,2,train,2,1,2
348,2,LIDC-IDRI-0380,1,2.5,3,train,2,1,2
352,0,LIDC-IDRI-0384,1,3.0,7,train,0,2,2
354,0,LIDC-IDRI-0386,1,3.33,7,train,0,2,2
354,1,LIDC-IDRI-0386,0,1.0,10,train,0,2,2
354,2,LIDC-IDRI-0386,1,3.5,6,train,0,2,2
355,0,LIDC-IDRI-0387,2,4.0,4,train,2,0,2
355,1,LIDC-IDRI-0387,1,3.0,2,train,2,0,2
356,0,LIDC-IDRI-0388,0,2.0,5,train,0,0,0
358,0,LIDC-IDRI-0390,0,1.0,3,train,0,2,2
358,1,LIDC-IDRI-0390,0,1.0,3,train,0,2,2
358,2,LIDC-IDRI-0390,0,1.0,4,train,0,2,2
358,3,LIDC-IDRI-0390,0,1.0,3,train,0,2,2
358,4,LIDC-IDRI-0390,0,1.0,3,train,0,2,2
358,5,LIDC-IDRI-0390,0,1.0,3,train,0,2,2
358,6,LIDC-IDRI-0390,0,2.0,3,train,0,2,2
358,7,LIDC-IDRI-0390,0,1.0,2,train,0,2,2
358,8,LIDC-IDRI-0390,0,1.5,2,train,0,2,2
360,0,LIDC-IDRI-0392,1,2.67,2,train,0,2,0
360,1,LIDC-IDRI-0392,1,3.0,4,train,0,2,0
362,0,LIDC-IDRI-0394,2,4.0,5,train,0,1,2
362,1,LIDC-IDRI-0394,1,3.67,3,train,0,1,2
362,2,LIDC-IDRI-0394,1,3.25,2,train,0,1,2
362,3,LIDC-IDRI-0394,1,3.33,3,train,0,1,2
362,4,LIDC-IDRI-0394,1,3.0,3,train,0,1,2
362,5,LIDC-IDRI-0394,1,3.5,8,train,0,1,2
363,0,LIDC-IDRI-0395,1,2.67,2,train,2,2,2
363,1,LIDC-IDRI-0395,1,3.5,5,train,2,2,2
366,0,LIDC-IDRI-0398,1,3.25,6,train,0,2,2
367,0,LIDC-IDRI-0399,0,2.0,5,val,0,2,2
368,0,LIDC-IDRI-0400,1,3.33,3,train,0,2,2
368,1,LIDC-IDRI-0400,1,3.33,3,train,0,2,2
368,2,LIDC-IDRI-0400,1,3.5,3,train,0,2,2
370,0,LIDC-IDRI-0403,0,1.0,15,train,0,2,2
371,0,LIDC-IDRI-0404,2,5.0,15,train,0,2,2
371,1,LIDC-IDRI-0404,1,3.0,14,train,0,2,2
372,0,LIDC-IDRI-0405,1,2.33,7,train,0,2,2
372,1,LIDC-IDRI-0405,1,3.5,5,train,0,2,2
373,0,LIDC-IDRI-0406,1,3.0,5,train,0,2,2
374,0,LIDC-IDRI-0407,2,4.33,8,train,2,2,2
374,1,LIDC-IDRI-0407,0,2.0,4,train,2,2,2
374,2,LIDC-IDRI-0407,1,2.5,5,train,2,2,2
375,0,LIDC-IDRI-0409,0,1.0,9,train,0,2,2
375,1,LIDC-IDRI-0409,1,2.5,3,train,0,2,2
375,2,LIDC-IDRI-0409,1,3.5,11,train,0,2,2
378,0,LIDC-IDRI-0412,0,2.0,4,train,0,2,2
378,1,LIDC-IDRI-0412,1,3.0,7,train,0,2,2
379,0,LIDC-IDRI-0413,1,2.5,2,train,0,2,2
379,1,LIDC-IDRI-0413,0,2.0,2,train,0,2,2
380,0,LIDC-IDRI-0414,1,3.5,5,train,0,2,2
381,0,LIDC-IDRI-0416,1,3.0,3,train,0,2,2
381,1,LIDC-IDRI-0416,1,3.33,3,train,0,2,2
384,0,LIDC-IDRI-0419,0,1.67,4,train,0,2,2
385,0,LIDC-IDRI-0420,2,4.0,3,val,0,2,2
385,1,LIDC-IDRI-0420,1,3.0,3,val,0,2,2
386,0,LIDC-IDRI-0421,0,1.0,3,train,0,2,2
386,1,LIDC-IDRI-0421,2,4.0,9,train,0,2,2
387,0,LIDC-IDRI-0423,2,4.25,14,val,0,2,2
390,0,LIDC-IDRI-0426,0,1.0,4,train,0,2,2
391,0,LIDC-IDRI-0427,0,1.0,11,train,0,2,2
391,1,LIDC-IDRI-0427,0,2.0,7,train,0,2,2
391,2,LIDC-IDRI-0427,0,2.0,6,train,0,2,2
391,3,LIDC-IDRI-0427,0,1.0,7,train,0,2,2
397,0,LIDC-IDRI-0433,0,2.0,5,train,0,2,2
397,1,LIDC-IDRI-0433,1,2.5,5,train,0,2,2
397,2,LIDC-IDRI-0433,1,2.67,2,train,0,2,2
397,3,LIDC-IDRI-0433,1,2.67,6,train,0,2,2
398,0,LIDC-IDRI-0434,1,2.67,6,train,0,2,2
398,1,LIDC-IDRI-0434,1,3.0,7,train,0,2,2
399,0,LIDC-IDRI-0437,0,1.5,9,test,0,2,2
399,1,LIDC-IDRI-0437,0,1.5,11,test,0,2,2
399,2,LIDC-IDRI-0437,0,1.0,11,test,0,2,2
400,0,LIDC-IDRI-0438,1,2.75,13,train,0,2,2
401,0,LIDC-IDRI-0439,1,3.33,7,train,2,2,2
401,1,LIDC-IDRI-0439,0,2.0,3,train,2,2,2
404,0,LIDC-IDRI-0442,1,2.33,2,test,0,2,2
404,1,LIDC-IDRI-0442,0,2.0,2,test,0,2,2
404,2,LIDC-IDRI-0442,0,2.0,2,test,0,2,2
405,0,LIDC-IDRI-0442,1,3.33,2,test,0,2,2
405,1,LIDC-IDRI-0442,0,2.0,1,test,0,2,2
405,2,LIDC-IDRI-0442,1,2.75,2,test,0,2,2
406,0,LIDC-IDRI-0443,0,2.0,9,train,0,2,2
408,0,LIDC-IDRI-0445,2,4.0,4,train,0,2,2
410,0,LIDC-IDRI-0448,1,3.5,6,train,0,2,2
410,1,LIDC-IDRI-0448,1,3.0,5,train,0,2,2
410,2,LIDC-IDRI-0448,1,3.0,4,train,0,2,2
410,3,LIDC-IDRI-0448,1,2.5,5,train,0,2,2
411,0,LIDC-IDRI-0449,1,2.33,3,train,0,2,2
411,1,LIDC-IDRI-0449,1,3.0,3,train,0,2,2
412,0,LIDC-IDRI-0450,1,3.5,4,train,2,2,2
412,1,LIDC-IDRI-0450,1,3.25,6,train,2,2,2
412,2,LIDC-IDRI-0450,1,3.0,5,train,2,2,2
412,3,LIDC-IDRI-0450,1,3.0,3,train,2,2,2
412,4,LIDC-IDRI-0450,1,2.33,4,train,2,2,2
412,5,LIDC-IDRI-0450,2,5.0,7,train,2,2,2
412,6,LIDC-IDRI-0450,1,3.0,2,train,2,2,2
413,0,LIDC-IDRI-0451,1,3.0,6,train,0,2,2
414,0,LIDC-IDRI-0452,1,3.5,4,train,0,2,2
415,0,LIDC-IDRI-0453,1,3.33,4,train,0,2,2
416,0,LIDC-IDRI-0454,2,5.0,18,train,2,2,2
416,1,LIDC-IDRI-0454,1,2.67,4,train,2,2,2
416,2,LIDC-IDRI-0454,2,4.0,5,train,2,2,2
416,3,LIDC-IDRI-0454,1,2.25,5,train,2,2,2
417,0,LIDC-IDRI-0456,0,1.0,4,val,0,2,2
417,1,LIDC-IDRI-0456,0,1.0,12,val,0,2,2
417,2,LIDC-IDRI-0456,0,1.0,5,val,0,2,2
419,0,LIDC-IDRI-0458,1,3.67,4,train,0,2,2
419,1,LIDC-IDRI-0458,1,3.0,3,train,0,2,2
423,0,LIDC-IDRI-0463,0,1.0,8,train,0,2,2
423,1,LIDC-IDRI-0463,1,2.5,14,train,0,2,2
425,0,LIDC-IDRI-0466,0,1.0,4,train,0,2,2
426,0,LIDC-IDRI-0467,1,2.5,4,train,0,2,2
427,0,LIDC-IDRI-0468,1,2.5,7,train,0,2,2
428,0,LIDC-IDRI-0469,1,3.0,21,val,0,2,2
428,1,LIDC-IDRI-0469,1,3.0,5,val,0,2,2
428,2,LIDC-IDRI-0469,1,2.67,8,val,0,2,2
429,0,LIDC-IDRI-0470,2,4.5,18,train,2,2,2
432,0,LIDC-IDRI-0473,0,2.0,5,train,0,2,2
432,1,LIDC-IDRI-0473,0,2.0,5,train,0,2,2
432,2,LIDC-IDRI-0473,0,2.0,2,train,0,2,2
432,3,LIDC-IDRI-0473,1,2.5,3,train,0,2,2
433,0,LIDC-IDRI-0474,0,1.0,4,train,2,2,0
433,1,LIDC-IDRI-0474,1,3.0,6,train,2,2,0
434,0,LIDC-IDRI-0475,1,3.0,2,val,0,2,2
435,0,LIDC-IDRI-0476,1,3.33,7,train,0,2,2
435,1,LIDC-IDRI-0476,1,3.5,7,train,0,2,2
435,2,LIDC-IDRI-0476,1,2.75,4,train,0,2,2
435,3,LIDC-IDRI-0476,1,3.67,7,train,0,2,2
435,4,LIDC-IDRI-0476,1,3.5,8,train,0,2,2
435,5,LIDC-IDRI-0476,1,3.0,8,train,0,2,2
436,0,LIDC-IDRI-0478,0,1.0,5,train,0,2,2
438,0,LIDC-IDRI-0480,1,3.0,2,test,0,2,2
439,0,LIDC-IDRI-0481,0,2.0,4,train,0,2,2
439,1,LIDC-IDRI-0481,1,2.5,3,train,0,2,2
439,2,LIDC-IDRI-0481,1,2.5,8,train,0,2,2
439,3,LIDC-IDRI-0481,0,2.0,3,train,0,2,2
441,0,LIDC-IDRI-0484,2,4.0,6,train,0,2,2
442,0,LIDC-IDRI-0484,2,4.0,6,train,0,2,2
443,0,LIDC-IDRI-0485,0,1.0,3,val,0,2,2
443,1,LIDC-IDRI-0485,1,3.0,5,val,0,2,2
443,2,LIDC-IDRI-0485,1,3.0,3,val,0,2,2
443,3,LIDC-IDRI-0485,0,2.0,2,val,0,2,2
444,0,LIDC-IDRI-0486,1,2.5,4,train,0,2,2
446,0,LIDC-IDRI-0488,0,2.0,7,train,0,2,2
446,1,LIDC-IDRI-0488,1,2.5,6,train,0,2,2
447,0,LIDC-IDRI-0489,2,5.0,9,test,0,2,2
447,1,LIDC-IDRI-0489,2,4.33,5,test,0,2,2
447,2,LIDC-IDRI-0489,2,4.0,6,test,0,2,2
447,3,LIDC-IDRI-0489,1,3.0,3,test,0,2,2
447,4,LIDC-IDRI-0489,1,3.0,3,test,0,2,2
447,5,LIDC-IDRI-0489,1,2.5,2,test,0,2,2
447,6,LIDC-IDRI-0489,1,3.5,4,test,0,2,2
447,7,LIDC-IDRI-0489,2,5.0,8,test,0,2,2
448,0,LIDC-IDRI-0490,2,4.0,31,train,0,2,2
449,0,LIDC-IDRI-0491,0,1.0,5,val,0,2,2
449,1,LIDC-IDRI-0491,0,1.0,5,val,0,2,2
449,2,LIDC-IDRI-0491,0,1.0,6,val,0,2,2
449,3,LIDC-IDRI-0491,0,1.0,6,val,0,2,2
449,4,LIDC-IDRI-0491,1,2.5,18,val,0,2,2
449,5,LIDC-IDRI-0491,0,1.0,9,val,0,2,2
450,0,LIDC-IDRI-0492,0,1.0,4,train,0,2,2
450,1,LIDC-IDRI-0492,0,2.0,3,train,0,2,2
450,2,LIDC-IDRI-0492,1,2.67,4,train,0,2,2
450,3,LIDC-IDRI-0492,0,1.0,3,train,0,2,2
451,0,LIDC-IDRI-0493,0,1.0,3,train,0,2,2
455,0,LIDC-IDRI-0499,1,2.5,2,train,0,2,2
455,1,LIDC-IDRI-0499,1,2.5,2,train,0,2,2
455,2,LIDC-IDRI-0499,0,2.0,2,train,0,2,2
455,3,LIDC-IDRI-0499,1,2.5,1,train,0,2,2
456,0,LIDC-IDRI-0500,1,2.67,4,train,0,2,2
458,0,LIDC-IDRI-0503,1,2.5,4,val,2,2,2
459,0,LIDC-IDRI-0504,1,3.0,5,train,0,2,2
460,0,LIDC-IDRI-0505,1,3.5,4,val,0,2,2
462,0,LIDC-IDRI-0507,2,4.0,10,train,0,2,2
462,1,LIDC-IDRI-0507,1,3.67,12,train,0,2,2
462,2,LIDC-IDRI-0507,1,3.0,12,train,0,2,2
463,0,LIDC-IDRI-0508,2,4.0,17,test,0,2,2
464,0,LIDC-IDRI-0509,1,3.0,2,val,0,2,2
464,1,LIDC-IDRI-0509,1,3.0,1,val,0,2,2
464,2,LIDC-IDRI-0509,1,3.0,3,val,0,2,2
464,3,LIDC-IDRI-0509,1,2.67,2,val,0,2,2
465,0,LIDC-IDRI-0510,1,3.5,8,test,0,2,2
465,1,LIDC-IDRI-0510,1,3.5,9,test,0,2,2
465,2,LIDC-IDRI-0510,1,3.0,5,test,0,2,2
470,0,LIDC-IDRI-0515,2,4.0,14,test,2,2,2
473,0,LIDC-IDRI-0518,1,3.0,3,val,0,2,2
473,1,LIDC-IDRI-0518,0,2.0,2,val,0,2,2
476,0,LIDC-IDRI-0521,1,3.33,13,train,0,2,2
478,0,LIDC-IDRI-0525,1,3.5,13,train,0,2,2
479,0,LIDC-IDRI-0526,2,4.0,7,train,0,2,2
479,1,LIDC-IDRI-0526,1,3.5,4,train,0,2,2
479,2,LIDC-IDRI-0526,2,5.0,6,train,0,2,2
480,0,LIDC-IDRI-0527,1,3.0,3,train,0,2,2
482,0,LIDC-IDRI-0529,0,1.67,6,val,2,2,2
483,0,LIDC-IDRI-0530,1,2.5,5,val,0,2,2
483,1,LIDC-IDRI-0530,0,1.0,7,val,0,2,2
486,0,LIDC-IDRI-0533,1,3.25,4,train,0,2,2
487,0,LIDC-IDRI-0534,0,1.0,3,train,0,2,2
488,0,LIDC-IDRI-0535,1,2.5,6,train,0,2,2
488,1,LIDC-IDRI-0535,1,3.0,4,train,0,2,2
488,2,LIDC-IDRI-0535,1,2.5,3,train,0,2,2
493,0,LIDC-IDRI-0541,0,1.0,2,train,0,2,2
494,0,LIDC-IDRI-0542,0,1.0,7,train,0,2,2
495,0,LIDC-IDRI-0543,2,4.0,23,train,0,2,2
495,1,LIDC-IDRI-0543,1,3.0,10,train,0,2,2
498,0,LIDC-IDRI-0546,2,4.33,18,train,0,2,2
499,0,LIDC-IDRI-0547,1,2.67,7,test,0,2,2
499,1,LIDC-IDRI-0547,0,2.0,6,test,0,2,2
501,0,LIDC-IDRI-0549,1,3.0,4,train,0,2,2
501,1,LIDC-IDRI-0549,1,2.5,6,train,0,2,2
501,2,LIDC-IDRI-0549,1,3.0,5,train,0,2,2
501,3,LIDC-IDRI-0549,1,3.0,4,train,0,2,2
501,4,LIDC-IDRI-0549,1,2.67,4,train,0,2,2
501,5,LIDC-IDRI-0549,1,2.67,6,train,0,2,2
503,0,LIDC-IDRI-0552,2,4.0,3,val,0,2,2
505,0,LIDC-IDRI-0554,1,3.0,4,train,0,2,2
506,0,LIDC-IDRI-0555,1,3.0,4,test,0,2,2
507,0,LIDC-IDRI-0556,1,3.0,9,train,0,2,2
508,0,LIDC-IDRI-0557,1,3.0,8,val,0,2,1
510,0,LIDC-IDRI-0559,0,1.0,2,train,0,2,2
510,1,LIDC-IDRI-0559,0,1.0,2,train,0,2,2
513,0,LIDC-IDRI-0562,1,3.5,16,train,2,2,2
513,1,LIDC-IDRI-0562,1,3.0,5,train,2,2,2
516,0,LIDC-IDRI-0565,1,3.0,3,test,0,2,2
516,1,LIDC-IDRI-0565,1,2.33,3,test,0,2,2
516,2,LIDC-IDRI-0565,2,4.67,9,test,0,2,2
516,3,LIDC-IDRI-0565,0,2.0,2,test,0,2,2
516,4,LIDC-IDRI-0565,0,2.0,4,test,0,2,2
516,5,LIDC-IDRI-0565,0,2.0,3,test,0,2,2
517,0,LIDC-IDRI-0567,0,1.0,3,train,0,2,2
518,0,LIDC-IDRI-0568,0,1.0,4,val,0,2,2
518,1,LIDC-IDRI-0568,1,2.67,4,val,0,2,2
518,2,LIDC-IDRI-0568,0,1.0,5,val,0,2,2
519,0,LIDC-IDRI-0569,1,2.5,2,val,0,2,2
519,1,LIDC-IDRI-0569,0,1.0,3,val,0,2,2
519,2,LIDC-IDRI-0569,1,2.67,3,val,0,2,2
519,3,LIDC-IDRI-0569,0,1.0,2,val,0,2,2
522,0,LIDC-IDRI-0572,0,1.5,12,test,0,2,2
526,0,LIDC-IDRI-0576,1,3.5,12,train,0,2,2
526,1,LIDC-IDRI-0576,1,3.0,4,train,0,2,2
526,2,LIDC-IDRI-0576,2,4.5,12,train,0,2,2
526,3,LIDC-IDRI-0576,0,1.5,3,train,0,2,2
527,0,LIDC-IDRI-0577,0,1.67,3,train,2,2,2
527,1,LIDC-IDRI-0577,1,2.5,2,train,2,2,2
528,0,LIDC-IDRI-0578,1,2.25,2,val,0,2,2
529,0,LIDC-IDRI-0579,1,3.0,7,val,0,2,2
530,0,LIDC-IDRI-0580,1,3.33,5,val,0,2,2
532,0,LIDC-IDRI-0582,0,2.0,6,val,0,2,2
532,1,LIDC-IDRI-0582,1,2.33,7,val,0,2,2
532,2,LIDC-IDRI-0582,1,2.67,3,val,0,2,2
532,3,LIDC-IDRI-0582,1,3.0,4,val,0,2,2
532,4,LIDC-IDRI-0582,1,2.5,6,val,0,2,2
532,5,LIDC-IDRI-0582,0,1.5,2,val,0,2,2
533,0,LIDC-IDRI-0583,0,2.0,6,train,0,2,2
533,1,LIDC-IDRI-0583,1,2.5,6,train,0,2,2
533,2,LIDC-IDRI-0583,1,3.25,6,train,0,2,2
533,3,LIDC-IDRI-0583,1,2.67,4,train,0,2,2
533,4,LIDC-IDRI-0583,0,2.0,3,train,0,2,2
533,5,LIDC-IDRI-0583,1,3.0,3,train,0,2,2
533,6,LIDC-IDRI-0583,1,2.5,5,train,0,2,2
533,7,LIDC-IDRI-0583,1,2.5,5,train,0,2,2
533,8,LIDC-IDRI-0583,1,2.5,4,train,0,2,2
533,9,LIDC-IDRI-0583,1,3.0,4,train,0,2,2
535,0,LIDC-IDRI-0586,1,2.25,2,test,0,2,2
535,1,LIDC-IDRI-0586,1,2.25,2,test,0,2,2
536,0,LIDC-IDRI-0587,1,3.0,5,train,0,2,2
539,0,LIDC-IDRI-0590,2,4.0,10,train,0,1,1
540,0,LIDC-IDRI-0591,1,3.0,3,train,0,1,2
541,0,LIDC-IDRI-0592,1,3.0,4,train,0,2,2
544,0,LIDC-IDRI-0595,1,2.5,8,val,0,2,2
545,0,LIDC-IDRI-0596,1,3.0,6,train,0,2,2
545,1,LIDC-IDRI-0596,1,3.33,5,train,0,2,2
546,0,LIDC-IDRI-0597,1,3.5,4,train,0,2,2
547,0,LIDC-IDRI-0598,1,3.33,3,train,0,2,2
